CompileCommand: exclude org/jetbrains/kotlin/serialization/deserialization/TypeDeserializer.simpleType bool exclude = true
CompileCommand: exclude org/jetbrains/kotlin/serialization/deserialization/TypeDeserializer.toAttributes bool exclude = true
2026-03-04 22:02:06,514 [     10]   WARN - #c.i.i.p.PluginManager - Dist index is missing or corrupted; an OLD, DEPRECATED, SOON-TO-BE-UNSUPPORTED implementation will be used
2026-03-04 22:02:08,710 [   2206]   WARN - #com.android.studio.ml.enterprise.login.StudioModelsOnboardingController$Companion - Auth state changed from AuthState.Initializing(isAuthorized=false) to AuthState.LoggedOut(isAuthorized=false)
2026-03-04 22:02:08,853 [   2349]   WARN - org.apache.lucene.internal.vectorization.VectorizationProvider - Java vector incubator module is not readable. For optimal vector performance, pass '--add-modules jdk.incubator.vector' to enable Vector API.
WARNING: A restricted method in java.lang.foreign.Linker has been called
WARNING: java.lang.foreign.Linker::downcallHandle has been called by the unnamed module
WARNING: Use --enable-native-access=ALL-UNNAMED to avoid a warning for this module

2026-03-04 22:02:11,557 [   5053]   WARN - #com.google.tools.aiplugin.editor.predictionservices.configuration.NextEditPredictionSettings - ModelManager might not be initialized yet.
2026-03-04 22:02:11,558 [   5054]   WARN - #com.google.tools.aiplugin.editor.predictionservices.configuration.NextEditPredictionSettings - ModelManager might not be initialized yet.
2026-03-04 22:02:11,558 [   5054]   WARN - #com.google.tools.aiplugin.editor.predictionservices.configuration.NextEditPredictionSettings - ModelManager might not be initialized yet.
2026-03-04 22:02:13,823 [   7319]   WARN - #com.android.tools.ndk.HotfixForOCInitialTablesBuildingActivity - Overriding OCInitialTablesBuildingActivity with HotfixForOCInitialTablesBuildingActivity
2026-03-04 22:02:14,051 [   7547]   WARN - #c.i.i.SystemHealthMonitor - issue detected: ide.script.launcher.used (ignored)
JCEF_W(02:14:190): Can't determine cef_server location via java-process path '/home/sanya/.AndroidStudioEnvironment/android-studio/jbr/bin/java' (because calculated path '/home/sanya/.AndroidStudioEnvironment/android-studio/jbr/lib/cef_server' doesn't exist), cmd=/home/sanya/.AndroidStudioEnvironment/android-studio/jbr/bin/java
JCEF_V(02:14:191): Can't find cef_server binary via System.getProperty('java.home'): file /home/sanya/.AndroidStudioEnvironment/android-studio/jbr/lib/cef_server doesn't exist, 'java.home'=/home/sanya/.AndroidStudioEnvironment/android-studio/jbr
JCEF_I(02:14:199): Found free tcp-port 6188 for server.
JCEF_I(02:14:199): Found free tcp-port 6189 for java-handlers.
2026-03-04 22:02:14,208 [   7704]   WARN - #c.i.u.j.JBCefApp - JCefAppConfig.class is not from a JBR module, url: jar:file:/home/sanya/.AndroidStudioEnvironment/android-studio/lib/module-intellij.libraries.jcef.jar!/com/jetbrains/cef/JCefAppConfig.class (Use JBR bundled with the IDE)
2026-03-04 22:02:20,958 [  14454]   WARN - #o.j.a.u.LayoutLibraryLoader - SystemFonts: Loading font config from /home/sanya/.AndroidStudioEnvironment/android-studio/plugins/design-tools/resources/layoutlib/data/fonts/fonts.xml
2026-03-04 22:02:21,036 [  14532]   WARN - #o.j.a.u.LayoutLibraryLoader - SystemFonts: Loading font config from /home/sanya/.AndroidStudioEnvironment/android-studio/plugins/design-tools/resources/layoutlib/data/fonts/font_fallback.xml
2026-03-04 22:02:21,048 [  14544]   WARN - #o.j.a.u.LayoutLibraryLoader - HWUI: Using Fontation backend (prop=Auto)
WARNING: A terminally deprecated method in java.lang.System has been called
WARNING: System::setSecurityManager has been called by com.android.tools.rendering.security.RenderSecurityManager
WARNING: Please consider reporting this to the maintainers of com.android.tools.rendering.security.RenderSecurityManager
WARNING: System::setSecurityManager will be removed in a future release
2026-03-04 22:02:23,235 [  16731]   WARN - #o.j.a.u.LayoutLibraryLoader - PlatformAconfigPackage: android.os.flagging.AconfigStorageReadException: ERROR_CANNOT_READ_STORAGE_FILE: Fail to mmap storage
2026-03-04 22:02:23,236 [  16732]   WARN - #o.j.a.u.LayoutLibraryLoader - PlatformAconfigPackage: android.os.flagging.AconfigStorageReadException: ERROR_CANNOT_READ_STORAGE_FILE: Fail to mmap storage
2026-03-04 22:02:23,236 [  16732]   WARN - #o.j.a.u.LayoutLibraryLoader - PlatformAconfigPackage: android.os.flagging.AconfigStorageReadException: ERROR_CANNOT_READ_STORAGE_FILE: Fail to mmap storage
2026-03-04 22:02:23,236 [  16732]   WARN - #o.j.a.u.LayoutLibraryLoader - PlatformAconfigPackage: android.os.flagging.AconfigStorageReadException: ERROR_CANNOT_READ_STORAGE_FILE: Fail to mmap storage
2026-03-04 22:02:23,236 [  16732]   WARN - #o.j.a.u.LayoutLibraryLoader - FeatureFlagsImplExport: android.os.flagging.AconfigStorageReadException: ERROR_PACKAGE_NOT_FOUND: package android.xr cannot be found on the device
2026-03-04 22:10:01,028 [ 474524]   WARN - #com.android.tools.idea.lint.common.LintIdeClient - null
java.lang.Throwable: Control-flow exceptions (e.g. this class com.intellij.openapi.progress.ProcessCanceledException) should never be logged. Instead, these should have been rethrown if caught.
	at com.intellij.openapi.diagnostic.Logger.ensureNotControlFlow(Logger.java:504)
	at com.intellij.idea.IdeaLogger.warn(IdeaLogger.java:150)
	at com.intellij.openapi.diagnostic.Logger.warn(Logger.java:353)
	at com.android.tools.idea.lint.common.LintIdeClient.log(LintIdeClient.java:521)
	at com.android.tools.lint.client.api.LintDriver$LintClientWrapper.log(LintDriver.kt:2680)
	at com.android.tools.lint.client.api.LintDriver$Companion.handleDetectorError(LintDriver.kt:3519)
	at com.android.tools.lint.client.api.LintDriver$Companion.handleDetectorError$default(LintDriver.kt:3462)
	at com.android.tools.lint.client.api.LintDriver$Companion.handleDetectorError(LintDriver.kt:3458)
	at com.android.tools.lint.client.api.LintDriver.doAnalyze(LintDriver.kt:492)
	at com.android.tools.lint.client.api.LintDriver.doAnalyze$default(LintDriver.kt:466)
	at com.android.tools.lint.client.api.LintDriver.analyze(LintDriver.kt:410)
	at com.android.tools.idea.lint.common.LintExternalAnnotator.doAnnotate(LintExternalAnnotator.kt:222)
	at com.android.tools.idea.common.lint.ModelLintIssueAnnotator.getAnnotations(ModelLintIssueAnnotator.java:126)
	at com.android.tools.idea.common.lint.ModelLintIssueAnnotator.lambda$annotateRenderInformationToLint$0(ModelLintIssueAnnotator.java:91)
	at com.intellij.openapi.application.impl.NonBlockingReadActionImpl$OTelMonitor.callWrapped(NonBlockingReadActionImpl.java:929)
	at com.intellij.openapi.application.impl.NonBlockingReadActionImpl$OTelMonitor$MonitoredComputation.call(NonBlockingReadActionImpl.java:961)
	at com.intellij.openapi.application.impl.NonBlockingReadActionImpl$Submission.insideReadAction(NonBlockingReadActionImpl.java:685)
	at com.intellij.openapi.application.impl.NonBlockingReadActionImpl$Submission.lambda$attemptComputation$6(NonBlockingReadActionImpl.java:648)
	at com.intellij.platform.locking.impl.NestedLocksThreadingSupport.tryRunReadAction(NestedLocksThreadingSupport.kt:901)
	at com.intellij.openapi.application.impl.ApplicationImpl.tryRunReadAction(ApplicationImpl.java:1237)
	at com.intellij.openapi.progress.util.ProgressIndicatorUtils.lambda$runInReadActionWithWriteActionPriority$0(ProgressIndicatorUtils.java:94)
	at com.intellij.openapi.progress.util.ProgressIndicatorUtilService.runActionAndCancelBeforeWrite(ProgressIndicatorUtilService.java:73)
	at com.intellij.openapi.progress.util.ProgressIndicatorUtils.runActionAndCancelBeforeWrite(ProgressIndicatorUtils.java:152)
	at com.intellij.openapi.progress.util.ProgressIndicatorUtils.lambda$runWithWriteActionPriority$1(ProgressIndicatorUtils.java:139)
	at com.intellij.openapi.progress.ProgressManager.lambda$runProcess$0(ProgressManager.java:98)
	at com.intellij.openapi.progress.impl.CoreProgressManager.lambda$runProcess$2(CoreProgressManager.java:256)
	at com.intellij.openapi.progress.impl.CoreProgressManager.lambda$executeProcessUnderProgress$14(CoreProgressManager.java:717)
	at com.intellij.openapi.progress.impl.CoreProgressManager.registerIndicatorAndRun(CoreProgressManager.java:792)
	at com.intellij.openapi.progress.impl.CoreProgressManager.computeUnderProgress(CoreProgressManager.java:748)
	at com.intellij.openapi.progress.impl.CoreProgressManager.executeProcessUnderProgress(CoreProgressManager.java:716)
	at com.intellij.openapi.progress.impl.ProgressManagerImpl.executeProcessUnderProgress(ProgressManagerImpl.java:75)
	at com.intellij.openapi.progress.impl.CoreProgressManager.runProcess(CoreProgressManager.java:240)
	at com.intellij.openapi.progress.ProgressManager.runProcess(ProgressManager.java:98)
	at com.intellij.openapi.progress.util.ProgressIndicatorUtils.runWithWriteActionPriority(ProgressIndicatorUtils.java:136)
	at com.intellij.openapi.progress.util.ProgressIndicatorUtils.runInReadActionWithWriteActionPriority(ProgressIndicatorUtils.java:94)
	at com.intellij.openapi.application.impl.NonBlockingReadActionImpl$Submission.attemptComputation(NonBlockingReadActionImpl.java:648)
	at com.intellij.openapi.application.impl.NonBlockingReadActionImpl$Submission.lambda$transferToBgThread$1(NonBlockingReadActionImpl.java:529)
	at com.intellij.concurrency.ThreadContext.installThreadContext(threadContext.kt:305)
	at com.intellij.openapi.application.impl.NonBlockingReadActionImpl$Submission.lambda$transferToBgThread$2(NonBlockingReadActionImpl.java:529)
	at java.base/java.util.concurrent.ThreadPoolExecutor.runWorker(Unknown Source)
	at java.base/java.util.concurrent.ThreadPoolExecutor$Worker.run(Unknown Source)
	at java.base/java.util.concurrent.Executors$PrivilegedThreadFactory$1$1.run(Unknown Source)
	at java.base/java.util.concurrent.Executors$PrivilegedThreadFactory$1$1.run(Unknown Source)
	at java.base/java.security.AccessController.doPrivileged(Unknown Source)
	at java.base/java.util.concurrent.Executors$PrivilegedThreadFactory$1.run(Unknown Source)
	at java.base/java.lang.Thread.run(Unknown Source)
Caused by: com.intellij.openapi.progress.ProcessCanceledException
	at com.intellij.openapi.progress.EmptyProgressIndicatorBase.checkCanceled(EmptyProgressIndicatorBase.java:74)
	at com.intellij.openapi.progress.ContextKt$cancelWithIndicator$1.invokeSuspend(context.kt:132)
	at kotlin.coroutines.jvm.internal.BaseContinuationImpl.resumeWith(ContinuationImpl.kt:34)
	at kotlinx.coroutines.DispatchedTask.run(DispatchedTask.kt:100)
	at kotlinx.coroutines.internal.LimitedDispatcher$Worker.run(LimitedDispatcher.kt:113)
	at kotlinx.coroutines.scheduling.TaskImpl.run(Tasks.kt:89)
	at kotlinx.coroutines.scheduling.CoroutineScheduler.runSafely(CoroutineScheduler.kt:610)
	at kotlinx.coroutines.scheduling.CoroutineScheduler$Worker.executeTask(CoroutineScheduler.kt:1188)
	at kotlinx.coroutines.scheduling.CoroutineScheduler$Worker.runWorker(CoroutineScheduler.kt:775)
	at kotlinx.coroutines.scheduling.CoroutineScheduler$Worker.run(CoroutineScheduler.kt:762)
	Suppressed: java.lang.Throwable: Dummy throwable that indicates cancellation of EmptyProgressIndicator.
Set `ide.rich.cancellation.traces` to `true` to get real origin of cancellation.
		at com.intellij.openapi.progress.EmptyProgressIndicator.<clinit>(EmptyProgressIndicator.java:20)
		at com.intellij.openapi.progress.CoroutinesKt.contextToIndicator(coroutines.kt:539)
		at com.intellij.openapi.progress.CoroutinesKt.blockingContextToIndicator(coroutines.kt:516)
		at com.intellij.execution.impl.RunManagerImpl$loadRunConfigsFromArbitraryFiles$1.invokeSuspend$lambda$0(RunManagerImpl.kt:406)
		at com.intellij.openapi.application.rw.InternalReadAction.insideReadAction(InternalReadAction.kt:111)
		at com.intellij.openapi.application.rw.InternalReadAction.tryReadCancellable$lambda$0(InternalReadAction.kt:101)
		at com.intellij.openapi.application.rw.CancellableReadActionKt.cancellableReadActionInternal$lambda$0$0$0(cancellableReadAction.kt:32)
		at com.intellij.platform.locking.impl.NestedLocksThreadingSupport.tryRunReadAction(NestedLocksThreadingSupport.kt:901)
		at com.intellij.openapi.application.impl.ApplicationImpl.tryRunReadAction(ApplicationImpl.java:1237)
		at com.intellij.openapi.application.rw.CancellableReadActionKt.cancellableReadActionInternal$lambda$0$0(cancellableReadAction.kt:30)
		at com.intellij.openapi.progress.util.ProgressIndicatorUtilService.runActionAndCancelBeforeWrite(ProgressIndicatorUtilService.java:73)
		at com.intellij.openapi.progress.util.ProgressIndicatorUtils.runActionAndCancelBeforeWrite(ProgressIndicatorUtils.java:152)
		at com.intellij.openapi.application.rw.CancellableReadActionKt.cancellableReadActionInternal$lambda$0(cancellableReadAction.kt:28)
		at com.intellij.concurrency.ThreadContext.installThreadContext(threadContext.kt:305)
		at com.intellij.concurrency.ThreadContext.installThreadContext$default(threadContext.kt:303)
		at com.intellij.openapi.application.rw.CancellableReadActionKt.cancellableReadActionInternal(cancellableReadAction.kt:24)
		at com.intellij.openapi.application.rw.InternalReadAction.tryReadCancellable(InternalReadAction.kt:100)
		at com.intellij.openapi.application.rw.InternalReadAction.tryReadAction(InternalReadAction.kt:86)
		at com.intellij.openapi.application.rw.InternalReadAction.readLoop(InternalReadAction.kt:73)
		at com.intellij.openapi.application.rw.InternalReadAction.access$readLoop(InternalReadAction.kt:15)
		at com.intellij.openapi.application.rw.InternalReadAction$runReadAction$6.invokeSuspend(InternalReadAction.kt:52)
		at com.intellij.openapi.application.rw.InternalReadAction$runReadAction$6.invoke(InternalReadAction.kt)
		at com.intellij.openapi.application.rw.InternalReadAction$runReadAction$6.invoke(InternalReadAction.kt)
		at kotlinx.coroutines.intrinsics.UndispatchedKt.startUndispatchedOrReturn(Undispatched.kt:44)
		at kotlinx.coroutines.BuildersKt__Builders_commonKt.withContext(Builders.common.kt:166)
		at kotlinx.coroutines.BuildersKt.withContext(Unknown Source)
		at com.intellij.openapi.application.rw.InternalReadAction.runReadAction(InternalReadAction.kt:50)
		at com.intellij.openapi.application.rw.PlatformReadWriteActionSupport.executeReadAction(PlatformReadWriteActionSupport.kt:66)
		at com.intellij.openapi.application.ReadWriteActionSupport.executeReadAction$default(ReadWriteActionSupport.kt:15)
		at com.intellij.openapi.application.CoroutinesKt.constrainedReadAction(coroutines.kt:60)
		at com.intellij.openapi.application.CoroutinesKt.readAction(coroutines.kt:27)
		at com.intellij.execution.impl.RunManagerImpl$loadRunConfigsFromArbitraryFiles$1.invokeSuspend(RunManagerImpl.kt:405)
		at kotlin.coroutines.jvm.internal.BaseContinuationImpl.resumeWith(ContinuationImpl.kt:34)
		at kotlinx.coroutines.DispatchedTask.run(DispatchedTask.kt:100)
		at kotlinx.coroutines.scheduling.CoroutineScheduler.runSafely(CoroutineScheduler.kt:610)
		at kotlinx.coroutines.scheduling.CoroutineScheduler$Worker.runDefaultDispatcherTask(CoroutineScheduler.kt:1194)
		at kotlinx.coroutines.scheduling.CoroutineScheduler$Worker.executeTask(CoroutineScheduler.kt:906)
		... 2 more
2026-03-04 22:10:01,385 [ 474881]   WARN - #com.android.tools.rendering.LayoutlibCallbackExDelegate - LayoutlibCallback use after dispose
2026-03-04 22:10:01,385 [ 474881]   WARN - #com.android.tools.rendering.LayoutlibCallbackExDelegate - LayoutlibCallback use after dispose
2026-03-04 22:10:01,400 [ 474896]   WARN - #com.android.tools.rendering.LayoutlibCallbackExDelegate - LayoutlibCallback use after dispose
2026-03-04 22:10:01,401 [ 474897]   WARN - #com.android.tools.rendering.LayoutlibCallbackExDelegate - LayoutlibCallback use after dispose
2026-03-04 22:10:01,401 [ 474897]   WARN - #com.android.tools.rendering.LayoutlibCallbackExDelegate - LayoutlibCallback use after dispose
2026-03-04 22:10:01,402 [ 474898]   WARN - #com.android.tools.rendering.LayoutlibCallbackExDelegate - LayoutlibCallback use after dispose
2026-03-04 22:10:01,402 [ 474898]   WARN - #com.android.tools.rendering.LayoutlibCallbackExDelegate - LayoutlibCallback use after dispose
2026-03-04 22:10:01,402 [ 474898]   WARN - #com.android.tools.rendering.LayoutlibCallbackExDelegate - LayoutlibCallback use after dispose
2026-03-04 22:10:01,402 [ 474898]   WARN - #com.android.tools.rendering.LayoutlibCallbackExDelegate - LayoutlibCallback use after dispose
2026-03-04 22:10:01,402 [ 474898]   WARN - #com.android.tools.rendering.LayoutlibCallbackExDelegate - LayoutlibCallback use after dispose
2026-03-04 22:10:01,403 [ 474899]   WARN - #com.android.tools.rendering.LayoutlibCallbackExDelegate - LayoutlibCallback use after dispose
2026-03-04 22:10:01,403 [ 474899]   WARN - #com.android.tools.rendering.LayoutlibCallbackExDelegate - LayoutlibCallback use after dispose
2026-03-04 22:10:01,403 [ 474899]   WARN - #com.android.tools.rendering.LayoutlibCallbackExDelegate - LayoutlibCallback use after dispose
2026-03-04 22:10:01,403 [ 474899]   WARN - #com.android.tools.rendering.LayoutlibCallbackExDelegate - LayoutlibCallback use after dispose
2026-03-04 22:10:01,403 [ 474899]   WARN - #com.android.tools.rendering.LayoutlibCallbackExDelegate - LayoutlibCallback use after dispose
2026-03-04 22:10:01,403 [ 474899]   WARN - #com.android.tools.rendering.LayoutlibCallbackExDelegate - LayoutlibCallback use after dispose
2026-03-04 22:10:01,403 [ 474899]   WARN - #com.android.tools.rendering.LayoutlibCallbackExDelegate - LayoutlibCallback use after dispose
2026-03-04 22:10:01,404 [ 474900]   WARN - #com.android.tools.rendering.LayoutlibCallbackExDelegate - LayoutlibCallback use after dispose
2026-03-04 22:10:01,404 [ 474900]   WARN - #com.android.tools.rendering.LayoutlibCallbackExDelegate - LayoutlibCallback use after dispose
2026-03-04 22:10:01,404 [ 474900]   WARN - #com.android.tools.rendering.LayoutlibCallbackExDelegate - LayoutlibCallback use after dispose
2026-03-04 22:10:01,404 [ 474900]   WARN - #com.android.tools.rendering.LayoutlibCallbackExDelegate - LayoutlibCallback use after dispose
2026-03-04 22:10:01,405 [ 474901]   WARN - #com.android.tools.rendering.LayoutlibCallbackExDelegate - LayoutlibCallback use after dispose
2026-03-04 22:10:01,405 [ 474901]   WARN - #com.android.tools.rendering.LayoutlibCallbackExDelegate - LayoutlibCallback use after dispose
2026-03-04 22:10:01,405 [ 474901]   WARN - #com.android.tools.rendering.LayoutlibCallbackExDelegate - LayoutlibCallback use after dispose
2026-03-04 22:10:01,405 [ 474901]   WARN - #com.android.tools.rendering.LayoutlibCallbackExDelegate - LayoutlibCallback use after dispose
2026-03-04 22:10:01,405 [ 474901]   WARN - #com.android.tools.rendering.LayoutlibCallbackExDelegate - LayoutlibCallback use after dispose
2026-03-04 22:10:01,405 [ 474901]   WARN - #com.android.tools.rendering.LayoutlibCallbackExDelegate - LayoutlibCallback use after dispose
2026-03-04 22:11:44,458 [ 577954]   WARN - #c.i.i.a.CopyTBXReferenceAction - Cannot find TBX tool for IDE: AndroidStudio
2026-03-04 22:11:44,580 [ 578076]   WARN - #com.android.studio.ml.bot.ui.compose.timeline.ComposeTimelineControllerImpl - Collector busy state changed, but can't be applied to state: Initializing
2026-03-04 22:11:46,878 [ 580374]   WARN - #c.i.i.a.CopyTBXReferenceAction - Cannot find TBX tool for IDE: AndroidStudio
2026-03-04 22:13:31,344 [ 684840]   WARN - #com.android.tools.rendering.LayoutlibCallbackExDelegate - LayoutlibCallback use after dispose
2026-03-04 22:13:31,344 [ 684840]   WARN - #com.android.tools.rendering.LayoutlibCallbackExDelegate - LayoutlibCallback use after dispose
2026-03-04 22:13:31,345 [ 684841]   WARN - #com.android.tools.rendering.LayoutlibCallbackExDelegate - LayoutlibCallback use after dispose
2026-03-04 22:13:31,346 [ 684842]   WARN - #com.android.tools.rendering.LayoutlibCallbackExDelegate - LayoutlibCallback use after dispose
2026-03-04 22:13:31,346 [ 684842]   WARN - #com.android.tools.rendering.LayoutlibCallbackExDelegate - LayoutlibCallback use after dispose
2026-03-04 22:13:31,346 [ 684842]   WARN - #com.android.tools.rendering.LayoutlibCallbackExDelegate - LayoutlibCallback use after dispose
2026-03-04 22:13:31,347 [ 684843]   WARN - #com.android.tools.rendering.LayoutlibCallbackExDelegate - LayoutlibCallback use after dispose
2026-03-04 22:13:31,348 [ 684844]   WARN - #com.android.tools.rendering.LayoutlibCallbackExDelegate - LayoutlibCallback use after dispose
2026-03-04 22:13:31,348 [ 684844]   WARN - #com.android.tools.rendering.LayoutlibCallbackExDelegate - LayoutlibCallback use after dispose
2026-03-04 22:13:31,348 [ 684844]   WARN - #com.android.tools.rendering.LayoutlibCallbackExDelegate - LayoutlibCallback use after dispose
2026-03-04 22:13:31,348 [ 684844]   WARN - #com.android.tools.rendering.LayoutlibCallbackExDelegate - LayoutlibCallback use after dispose
2026-03-04 22:13:31,348 [ 684844]   WARN - #com.android.tools.rendering.LayoutlibCallbackExDelegate - LayoutlibCallback use after dispose
2026-03-04 22:13:31,348 [ 684844]   WARN - #com.android.tools.rendering.LayoutlibCallbackExDelegate - LayoutlibCallback use after dispose
2026-03-04 22:13:31,348 [ 684844]   WARN - #com.android.tools.rendering.LayoutlibCallbackExDelegate - LayoutlibCallback use after dispose
2026-03-04 22:13:31,349 [ 684845]   WARN - #com.android.tools.rendering.LayoutlibCallbackExDelegate - LayoutlibCallback use after dispose
2026-03-04 22:13:31,349 [ 684845]   WARN - #com.android.tools.rendering.LayoutlibCallbackExDelegate - LayoutlibCallback use after dispose
2026-03-04 22:13:31,349 [ 684845]   WARN - #com.android.tools.rendering.LayoutlibCallbackExDelegate - LayoutlibCallback use after dispose
2026-03-04 22:13:31,349 [ 684845]   WARN - #com.android.tools.rendering.LayoutlibCallbackExDelegate - LayoutlibCallback use after dispose
2026-03-04 22:13:31,349 [ 684845]   WARN - #com.android.tools.rendering.LayoutlibCallbackExDelegate - LayoutlibCallback use after dispose
2026-03-04 22:13:31,349 [ 684845]   WARN - #com.android.tools.rendering.LayoutlibCallbackExDelegate - LayoutlibCallback use after dispose
2026-03-04 22:13:31,349 [ 684845]   WARN - #com.android.tools.rendering.LayoutlibCallbackExDelegate - LayoutlibCallback use after dispose
2026-03-04 22:13:31,349 [ 684845]   WARN - #com.android.tools.rendering.LayoutlibCallbackExDelegate - LayoutlibCallback use after dispose
2026-03-04 22:13:31,350 [ 684846]   WARN - #com.android.tools.rendering.LayoutlibCallbackExDelegate - LayoutlibCallback use after dispose
2026-03-04 22:13:31,350 [ 684846]   WARN - #com.android.tools.rendering.LayoutlibCallbackExDelegate - LayoutlibCallback use after dispose
2026-03-04 22:13:31,350 [ 684846]   WARN - #com.android.tools.rendering.LayoutlibCallbackExDelegate - LayoutlibCallback use after dispose
2026-03-04 22:13:31,403 [ 684899]   WARN - #com.android.tools.idea.lint.common.LintIdeClient - Suppressed a frequent exception logged for the 2nd time: null
2026-03-04 22:13:32,308 [ 685804]   WARN - #com.android.tools.rendering.LayoutlibCallbackExDelegate - LayoutlibCallback use after dispose
2026-03-04 22:13:32,308 [ 685804]   WARN - #com.android.tools.rendering.LayoutlibCallbackExDelegate - LayoutlibCallback use after dispose
2026-03-04 22:13:32,308 [ 685804]   WARN - #com.android.tools.rendering.LayoutlibCallbackExDelegate - LayoutlibCallback use after dispose
2026-03-04 22:13:32,309 [ 685805]   WARN - #com.android.tools.rendering.LayoutlibCallbackExDelegate - LayoutlibCallback use after dispose
2026-03-04 22:13:32,309 [ 685805]   WARN - #com.android.tools.rendering.LayoutlibCallbackExDelegate - LayoutlibCallback use after dispose
2026-03-04 22:13:32,310 [ 685806]   WARN - #com.android.tools.rendering.LayoutlibCallbackExDelegate - LayoutlibCallback use after dispose
2026-03-04 22:13:32,310 [ 685806]   WARN - #com.android.tools.rendering.LayoutlibCallbackExDelegate - LayoutlibCallback use after dispose
2026-03-04 22:13:32,310 [ 685806]   WARN - #com.android.tools.rendering.LayoutlibCallbackExDelegate - LayoutlibCallback use after dispose
2026-03-04 22:13:32,310 [ 685806]   WARN - #com.android.tools.rendering.LayoutlibCallbackExDelegate - LayoutlibCallback use after dispose
2026-03-04 22:13:32,310 [ 685806]   WARN - #com.android.tools.rendering.LayoutlibCallbackExDelegate - LayoutlibCallback use after dispose
2026-03-04 22:13:32,310 [ 685806]   WARN - #com.android.tools.rendering.LayoutlibCallbackExDelegate - LayoutlibCallback use after dispose
2026-03-04 22:13:32,311 [ 685807]   WARN - #com.android.tools.rendering.LayoutlibCallbackExDelegate - LayoutlibCallback use after dispose
2026-03-04 22:13:32,311 [ 685807]   WARN - #com.android.tools.rendering.LayoutlibCallbackExDelegate - LayoutlibCallback use after dispose
2026-03-04 22:13:32,311 [ 685807]   WARN - #com.android.tools.rendering.LayoutlibCallbackExDelegate - LayoutlibCallback use after dispose
2026-03-04 22:13:32,311 [ 685807]   WARN - #com.android.tools.rendering.LayoutlibCallbackExDelegate - LayoutlibCallback use after dispose
2026-03-04 22:13:32,311 [ 685807]   WARN - #com.android.tools.rendering.LayoutlibCallbackExDelegate - LayoutlibCallback use after dispose
2026-03-04 22:13:32,311 [ 685807]   WARN - #com.android.tools.rendering.LayoutlibCallbackExDelegate - LayoutlibCallback use after dispose
2026-03-04 22:13:32,311 [ 685807]   WARN - #com.android.tools.rendering.LayoutlibCallbackExDelegate - LayoutlibCallback use after dispose
2026-03-04 22:13:32,311 [ 685807]   WARN - #com.android.tools.rendering.LayoutlibCallbackExDelegate - LayoutlibCallback use after dispose
2026-03-04 22:13:32,311 [ 685807]   WARN - #com.android.tools.rendering.LayoutlibCallbackExDelegate - LayoutlibCallback use after dispose
2026-03-04 22:13:32,312 [ 685808]   WARN - #com.android.tools.rendering.LayoutlibCallbackExDelegate - LayoutlibCallback use after dispose
2026-03-04 22:13:32,312 [ 685808]   WARN - #com.android.tools.rendering.LayoutlibCallbackExDelegate - LayoutlibCallback use after dispose
2026-03-04 22:13:32,312 [ 685808]   WARN - #com.android.tools.rendering.LayoutlibCallbackExDelegate - LayoutlibCallback use after dispose
2026-03-04 22:13:32,312 [ 685808]   WARN - #com.android.tools.rendering.LayoutlibCallbackExDelegate - LayoutlibCallback use after dispose
2026-03-04 22:13:32,312 [ 685808]   WARN - #com.android.tools.rendering.LayoutlibCallbackExDelegate - LayoutlibCallback use after dispose
2026-03-04 22:13:32,312 [ 685808]   WARN - #com.android.tools.rendering.LayoutlibCallbackExDelegate - LayoutlibCallback use after dispose
2026-03-04 22:13:32,312 [ 685808]   WARN - #com.android.tools.rendering.LayoutlibCallbackExDelegate - LayoutlibCallback use after dispose
2026-03-04 22:14:04,588 [ 718084]   WARN - #com.android.tools.idea.lint.common.LintIdeClient - Suppressed a frequent exception logged for the 5th time: null
2026-03-04 22:14:07,864 [ 721360]   WARN - #com.android.tools.rendering.LayoutlibCallbackExDelegate - LayoutlibCallback use after dispose
2026-03-04 22:14:07,864 [ 721360]   WARN - #com.android.tools.rendering.LayoutlibCallbackExDelegate - LayoutlibCallback use after dispose
2026-03-04 22:14:07,865 [ 721361]   WARN - #com.android.tools.rendering.LayoutlibCallbackExDelegate - LayoutlibCallback use after dispose
2026-03-04 22:14:07,865 [ 721361]   WARN - #com.android.tools.rendering.LayoutlibCallbackExDelegate - LayoutlibCallback use after dispose
2026-03-04 22:14:07,865 [ 721361]   WARN - #com.android.tools.rendering.LayoutlibCallbackExDelegate - LayoutlibCallback use after dispose
2026-03-04 22:14:07,867 [ 721363]   WARN - #com.android.tools.rendering.LayoutlibCallbackExDelegate - LayoutlibCallback use after dispose
2026-03-04 22:14:07,867 [ 721363]   WARN - #com.android.tools.rendering.LayoutlibCallbackExDelegate - LayoutlibCallback use after dispose
2026-03-04 22:14:07,867 [ 721363]   WARN - #com.android.tools.rendering.LayoutlibCallbackExDelegate - LayoutlibCallback use after dispose
2026-03-04 22:14:07,867 [ 721363]   WARN - #com.android.tools.rendering.LayoutlibCallbackExDelegate - LayoutlibCallback use after dispose
2026-03-04 22:14:07,867 [ 721363]   WARN - #com.android.tools.rendering.LayoutlibCallbackExDelegate - LayoutlibCallback use after dispose
2026-03-04 22:14:07,867 [ 721363]   WARN - #com.android.tools.rendering.LayoutlibCallbackExDelegate - LayoutlibCallback use after dispose
2026-03-04 22:14:07,867 [ 721363]   WARN - #com.android.tools.rendering.LayoutlibCallbackExDelegate - LayoutlibCallback use after dispose
2026-03-04 22:14:07,868 [ 721364]   WARN - #com.android.tools.rendering.LayoutlibCallbackExDelegate - LayoutlibCallback use after dispose
2026-03-04 22:14:07,868 [ 721364]   WARN - #com.android.tools.rendering.LayoutlibCallbackExDelegate - LayoutlibCallback use after dispose
2026-03-04 22:14:07,868 [ 721364]   WARN - #com.android.tools.rendering.LayoutlibCallbackExDelegate - LayoutlibCallback use after dispose
2026-03-04 22:14:07,868 [ 721364]   WARN - #com.android.tools.rendering.LayoutlibCallbackExDelegate - LayoutlibCallback use after dispose
2026-03-04 22:14:07,868 [ 721364]   WARN - #com.android.tools.rendering.LayoutlibCallbackExDelegate - LayoutlibCallback use after dispose
2026-03-04 22:14:07,868 [ 721364]   WARN - #com.android.tools.rendering.LayoutlibCallbackExDelegate - LayoutlibCallback use after dispose
2026-03-04 22:14:07,868 [ 721364]   WARN - #com.android.tools.rendering.LayoutlibCallbackExDelegate - LayoutlibCallback use after dispose
2026-03-04 22:14:07,869 [ 721365]   WARN - #com.android.tools.rendering.LayoutlibCallbackExDelegate - LayoutlibCallback use after dispose
2026-03-04 22:14:07,869 [ 721365]   WARN - #com.android.tools.rendering.LayoutlibCallbackExDelegate - LayoutlibCallback use after dispose
2026-03-04 22:14:07,869 [ 721365]   WARN - #com.android.tools.rendering.LayoutlibCallbackExDelegate - LayoutlibCallback use after dispose
2026-03-04 22:14:07,869 [ 721365]   WARN - #com.android.tools.rendering.LayoutlibCallbackExDelegate - LayoutlibCallback use after dispose
2026-03-04 22:14:07,869 [ 721365]   WARN - #com.android.tools.rendering.LayoutlibCallbackExDelegate - LayoutlibCallback use after dispose
2026-03-04 22:14:07,870 [ 721366]   WARN - #com.android.tools.rendering.LayoutlibCallbackExDelegate - LayoutlibCallback use after dispose
2026-03-04 22:14:07,870 [ 721366]   WARN - #com.android.tools.rendering.LayoutlibCallbackExDelegate - LayoutlibCallback use after dispose
2026-03-04 22:14:07,870 [ 721366]   WARN - #com.android.tools.rendering.LayoutlibCallbackExDelegate - LayoutlibCallback use after dispose
2026-03-04 22:14:08,914 [ 722410]   WARN - #com.android.tools.rendering.LayoutlibCallbackExDelegate - LayoutlibCallback use after dispose
2026-03-04 22:14:08,914 [ 722410]   WARN - #com.android.tools.rendering.LayoutlibCallbackExDelegate - LayoutlibCallback use after dispose
2026-03-04 22:14:08,915 [ 722411]   WARN - #com.android.tools.rendering.LayoutlibCallbackExDelegate - LayoutlibCallback use after dispose
2026-03-04 22:14:08,915 [ 722411]   WARN - #com.android.tools.rendering.LayoutlibCallbackExDelegate - LayoutlibCallback use after dispose
2026-03-04 22:15:41,822 [ 815318]   WARN - #com.android.tools.rendering.LayoutlibCallbackExDelegate - LayoutlibCallback use after dispose
2026-03-04 22:15:41,823 [ 815319]   WARN - #com.android.tools.rendering.LayoutlibCallbackExDelegate - LayoutlibCallback use after dispose
2026-03-04 22:15:41,823 [ 815319]   WARN - #com.android.tools.rendering.LayoutlibCallbackExDelegate - LayoutlibCallback use after dispose
2026-03-04 22:15:41,823 [ 815319]   WARN - #com.android.tools.rendering.LayoutlibCallbackExDelegate - LayoutlibCallback use after dispose
2026-03-04 22:15:41,823 [ 815319]   WARN - #com.android.tools.rendering.LayoutlibCallbackExDelegate - LayoutlibCallback use after dispose
2026-03-04 22:15:41,823 [ 815319]   WARN - #com.android.tools.rendering.LayoutlibCallbackExDelegate - LayoutlibCallback use after dispose
2026-03-04 22:15:41,823 [ 815319]   WARN - #com.android.tools.rendering.LayoutlibCallbackExDelegate - LayoutlibCallback use after dispose
2026-03-04 22:15:41,823 [ 815319]   WARN - #com.android.tools.rendering.LayoutlibCallbackExDelegate - LayoutlibCallback use after dispose
2026-03-04 22:15:41,823 [ 815319]   WARN - #com.android.tools.rendering.LayoutlibCallbackExDelegate - LayoutlibCallback use after dispose
2026-03-04 22:15:41,823 [ 815319]   WARN - #com.android.tools.rendering.LayoutlibCallbackExDelegate - LayoutlibCallback use after dispose
2026-03-04 22:15:41,823 [ 815319]   WARN - #com.android.tools.rendering.LayoutlibCallbackExDelegate - LayoutlibCallback use after dispose
2026-03-04 22:15:41,823 [ 815319]   WARN - #com.android.tools.rendering.LayoutlibCallbackExDelegate - LayoutlibCallback use after dispose
2026-03-04 22:15:41,824 [ 815320]   WARN - #com.android.tools.rendering.LayoutlibCallbackExDelegate - LayoutlibCallback use after dispose
2026-03-04 22:15:41,824 [ 815320]   WARN - #com.android.tools.rendering.LayoutlibCallbackExDelegate - LayoutlibCallback use after dispose
2026-03-04 22:15:41,824 [ 815320]   WARN - #com.android.tools.rendering.LayoutlibCallbackExDelegate - LayoutlibCallback use after dispose
2026-03-04 22:15:41,824 [ 815320]   WARN - #com.android.tools.rendering.LayoutlibCallbackExDelegate - LayoutlibCallback use after dispose
2026-03-04 22:15:41,824 [ 815320]   WARN - #com.android.tools.rendering.LayoutlibCallbackExDelegate - LayoutlibCallback use after dispose
2026-03-04 22:15:41,824 [ 815320]   WARN - #com.android.tools.rendering.LayoutlibCallbackExDelegate - LayoutlibCallback use after dispose
2026-03-04 22:15:41,824 [ 815320]   WARN - #com.android.tools.rendering.LayoutlibCallbackExDelegate - LayoutlibCallback use after dispose
2026-03-04 22:15:41,824 [ 815320]   WARN - #com.android.tools.rendering.LayoutlibCallbackExDelegate - LayoutlibCallback use after dispose
2026-03-04 22:15:41,824 [ 815320]   WARN - #com.android.tools.rendering.LayoutlibCallbackExDelegate - LayoutlibCallback use after dispose
2026-03-04 22:15:41,824 [ 815320]   WARN - #com.android.tools.rendering.LayoutlibCallbackExDelegate - LayoutlibCallback use after dispose
2026-03-04 22:15:41,824 [ 815320]   WARN - #com.android.tools.rendering.LayoutlibCallbackExDelegate - LayoutlibCallback use after dispose
2026-03-04 22:15:41,824 [ 815320]   WARN - #com.android.tools.rendering.LayoutlibCallbackExDelegate - LayoutlibCallback use after dispose
2026-03-04 22:15:41,824 [ 815320]   WARN - #com.android.tools.rendering.LayoutlibCallbackExDelegate - LayoutlibCallback use after dispose
2026-03-04 22:15:41,824 [ 815320]   WARN - #com.android.tools.rendering.LayoutlibCallbackExDelegate - LayoutlibCallback use after dispose
2026-03-04 22:15:41,824 [ 815320]   WARN - #com.android.tools.rendering.LayoutlibCallbackExDelegate - LayoutlibCallback use after dispose
2026-03-04 22:15:41,824 [ 815320]   WARN - #com.android.tools.rendering.LayoutlibCallbackExDelegate - LayoutlibCallback use after dispose
2026-03-04 22:15:41,824 [ 815320]   WARN - #com.android.tools.rendering.LayoutlibCallbackExDelegate - LayoutlibCallback use after dispose
2026-03-04 22:15:41,824 [ 815320]   WARN - #com.android.tools.rendering.LayoutlibCallbackExDelegate - LayoutlibCallback use after dispose
2026-03-04 22:15:41,824 [ 815320]   WARN - #com.android.tools.rendering.LayoutlibCallbackExDelegate - LayoutlibCallback use after dispose
2026-03-04 22:15:41,824 [ 815320]   WARN - #com.android.tools.rendering.LayoutlibCallbackExDelegate - LayoutlibCallback use after dispose
2026-03-04 22:15:41,824 [ 815320]   WARN - #com.android.tools.rendering.LayoutlibCallbackExDelegate - LayoutlibCallback use after dispose
2026-03-04 22:15:41,824 [ 815320]   WARN - #com.android.tools.rendering.LayoutlibCallbackExDelegate - LayoutlibCallback use after dispose
2026-03-04 22:15:41,824 [ 815320]   WARN - #com.android.tools.rendering.LayoutlibCallbackExDelegate - LayoutlibCallback use after dispose
2026-03-04 22:15:41,824 [ 815320]   WARN - #com.android.tools.rendering.LayoutlibCallbackExDelegate - LayoutlibCallback use after dispose
2026-03-04 22:15:41,824 [ 815320]   WARN - #com.android.tools.rendering.LayoutlibCallbackExDelegate - LayoutlibCallback use after dispose
2026-03-04 22:15:41,824 [ 815320]   WARN - #com.android.tools.rendering.LayoutlibCallbackExDelegate - LayoutlibCallback use after dispose
2026-03-04 22:15:41,824 [ 815320]   WARN - #com.android.tools.rendering.LayoutlibCallbackExDelegate - LayoutlibCallback use after dispose
2026-03-04 22:15:41,824 [ 815320]   WARN - #com.android.tools.rendering.LayoutlibCallbackExDelegate - LayoutlibCallback use after dispose
2026-03-04 22:15:41,824 [ 815320]   WARN - #com.android.tools.rendering.LayoutlibCallbackExDelegate - LayoutlibCallback use after dispose
2026-03-04 22:15:41,824 [ 815320]   WARN - #com.android.tools.rendering.LayoutlibCallbackExDelegate - LayoutlibCallback use after dispose
2026-03-04 22:15:41,824 [ 815320]   WARN - #com.android.tools.rendering.LayoutlibCallbackExDelegate - LayoutlibCallback use after dispose
2026-03-04 22:15:41,824 [ 815320]   WARN - #com.android.tools.rendering.LayoutlibCallbackExDelegate - LayoutlibCallback use after dispose
2026-03-04 22:15:41,824 [ 815320]   WARN - #com.android.tools.rendering.LayoutlibCallbackExDelegate - LayoutlibCallback use after dispose
2026-03-04 22:15:41,824 [ 815320]   WARN - #com.android.tools.rendering.LayoutlibCallbackExDelegate - LayoutlibCallback use after dispose
2026-03-04 22:15:41,824 [ 815320]   WARN - #com.android.tools.rendering.LayoutlibCallbackExDelegate - LayoutlibCallback use after dispose
2026-03-04 22:15:41,824 [ 815320]   WARN - #com.android.tools.rendering.LayoutlibCallbackExDelegate - LayoutlibCallback use after dispose
2026-03-04 22:15:41,824 [ 815320]   WARN - #com.android.tools.rendering.LayoutlibCallbackExDelegate - LayoutlibCallback use after dispose
2026-03-04 22:15:41,824 [ 815320]   WARN - #com.android.tools.rendering.LayoutlibCallbackExDelegate - LayoutlibCallback use after dispose
2026-03-04 22:15:41,824 [ 815320]   WARN - #com.android.tools.rendering.LayoutlibCallbackExDelegate - LayoutlibCallback use after dispose
2026-03-04 22:15:41,824 [ 815320]   WARN - #com.android.tools.rendering.LayoutlibCallbackExDelegate - LayoutlibCallback use after dispose
2026-03-04 22:15:41,824 [ 815320]   WARN - #com.android.tools.rendering.LayoutlibCallbackExDelegate - LayoutlibCallback use after dispose
2026-03-04 22:15:41,824 [ 815320]   WARN - #com.android.tools.rendering.LayoutlibCallbackExDelegate - LayoutlibCallback use after dispose
2026-03-04 22:15:41,824 [ 815320]   WARN - #com.android.tools.rendering.LayoutlibCallbackExDelegate - LayoutlibCallback use after dispose
2026-03-04 22:15:41,824 [ 815320]   WARN - #com.android.tools.rendering.LayoutlibCallbackExDelegate - LayoutlibCallback use after dispose
2026-03-04 22:15:41,824 [ 815320]   WARN - #com.android.tools.rendering.LayoutlibCallbackExDelegate - LayoutlibCallback use after dispose
2026-03-04 22:15:41,824 [ 815320]   WARN - #com.android.tools.rendering.LayoutlibCallbackExDelegate - LayoutlibCallback use after dispose
2026-03-04 22:15:41,824 [ 815320]   WARN - #com.android.tools.rendering.LayoutlibCallbackExDelegate - LayoutlibCallback use after dispose
2026-03-04 22:15:41,824 [ 815320]   WARN - #com.android.tools.rendering.LayoutlibCallbackExDelegate - LayoutlibCallback use after dispose
2026-03-04 22:15:41,824 [ 815320]   WARN - #com.android.tools.rendering.LayoutlibCallbackExDelegate - LayoutlibCallback use after dispose
2026-03-04 22:15:41,824 [ 815320]   WARN - #com.android.tools.rendering.LayoutlibCallbackExDelegate - LayoutlibCallback use after dispose
2026-03-04 22:15:41,824 [ 815320]   WARN - #com.android.tools.rendering.LayoutlibCallbackExDelegate - LayoutlibCallback use after dispose
2026-03-04 22:15:41,824 [ 815320]   WARN - #com.android.tools.rendering.LayoutlibCallbackExDelegate - LayoutlibCallback use after dispose
2026-03-04 22:15:41,824 [ 815320]   WARN - #com.android.tools.rendering.LayoutlibCallbackExDelegate - LayoutlibCallback use after dispose
2026-03-04 22:15:41,824 [ 815320]   WARN - #com.android.tools.rendering.LayoutlibCallbackExDelegate - LayoutlibCallback use after dispose
2026-03-04 22:15:41,824 [ 815320]   WARN - #com.android.tools.rendering.LayoutlibCallbackExDelegate - LayoutlibCallback use after dispose
2026-03-04 22:15:41,824 [ 815320]   WARN - #com.android.tools.rendering.LayoutlibCallbackExDelegate - LayoutlibCallback use after dispose
2026-03-04 22:15:41,824 [ 815320]   WARN - #com.android.tools.rendering.LayoutlibCallbackExDelegate - LayoutlibCallback use after dispose
2026-03-04 22:15:41,824 [ 815320]   WARN - #com.android.tools.rendering.LayoutlibCallbackExDelegate - LayoutlibCallback use after dispose
2026-03-04 22:15:41,824 [ 815320]   WARN - #com.android.tools.rendering.LayoutlibCallbackExDelegate - LayoutlibCallback use after dispose
2026-03-04 22:15:41,824 [ 815320]   WARN - #com.android.tools.rendering.LayoutlibCallbackExDelegate - LayoutlibCallback use after dispose
2026-03-04 22:15:41,824 [ 815320]   WARN - #com.android.tools.rendering.LayoutlibCallbackExDelegate - LayoutlibCallback use after dispose
2026-03-04 22:15:41,824 [ 815320]   WARN - #com.android.tools.rendering.LayoutlibCallbackExDelegate - LayoutlibCallback use after dispose
2026-03-04 22:15:41,824 [ 815320]   WARN - #com.android.tools.rendering.LayoutlibCallbackExDelegate - LayoutlibCallback use after dispose
2026-03-04 22:15:41,824 [ 815320]   WARN - #com.android.tools.rendering.LayoutlibCallbackExDelegate - LayoutlibCallback use after dispose
2026-03-04 22:15:41,824 [ 815320]   WARN - #com.android.tools.rendering.LayoutlibCallbackExDelegate - LayoutlibCallback use after dispose
2026-03-04 22:15:41,824 [ 815320]   WARN - #com.android.tools.rendering.LayoutlibCallbackExDelegate - LayoutlibCallback use after dispose
2026-03-04 22:15:41,824 [ 815320]   WARN - #com.android.tools.rendering.LayoutlibCallbackExDelegate - LayoutlibCallback use after dispose
2026-03-04 22:15:41,824 [ 815320]   WARN - #com.android.tools.rendering.LayoutlibCallbackExDelegate - LayoutlibCallback use after dispose
2026-03-04 22:15:41,824 [ 815320]   WARN - #com.android.tools.rendering.LayoutlibCallbackExDelegate - LayoutlibCallback use after dispose
2026-03-04 22:15:41,824 [ 815320]   WARN - #com.android.tools.rendering.LayoutlibCallbackExDelegate - LayoutlibCallback use after dispose
2026-03-04 22:15:41,824 [ 815320]   WARN - #com.android.tools.rendering.LayoutlibCallbackExDelegate - LayoutlibCallback use after dispose
2026-03-04 22:15:41,824 [ 815320]   WARN - #com.android.tools.rendering.LayoutlibCallbackExDelegate - LayoutlibCallback use after dispose
2026-03-04 22:15:41,824 [ 815320]   WARN - #com.android.tools.rendering.LayoutlibCallbackExDelegate - LayoutlibCallback use after dispose
2026-03-04 22:15:41,824 [ 815320]   WARN - #com.android.tools.rendering.LayoutlibCallbackExDelegate - LayoutlibCallback use after dispose
2026-03-04 22:15:41,824 [ 815320]   WARN - #com.android.tools.rendering.LayoutlibCallbackExDelegate - LayoutlibCallback use after dispose
2026-03-04 22:15:41,824 [ 815320]   WARN - #com.android.tools.rendering.LayoutlibCallbackExDelegate - LayoutlibCallback use after dispose
2026-03-04 22:15:41,824 [ 815320]   WARN - #com.android.tools.rendering.LayoutlibCallbackExDelegate - LayoutlibCallback use after dispose
2026-03-04 22:15:41,824 [ 815320]   WARN - #com.android.tools.rendering.LayoutlibCallbackExDelegate - LayoutlibCallback use after dispose
2026-03-04 22:15:41,825 [ 815321]   WARN - #com.android.tools.rendering.LayoutlibCallbackExDelegate - LayoutlibCallback use after dispose
2026-03-04 22:15:41,825 [ 815321]   WARN - #com.android.tools.rendering.LayoutlibCallbackExDelegate - LayoutlibCallback use after dispose
2026-03-04 22:15:41,826 [ 815322]   WARN - #com.android.tools.rendering.LayoutlibCallbackExDelegate - LayoutlibCallback use after dispose
2026-03-04 22:15:41,826 [ 815322]   WARN - #com.android.tools.rendering.LayoutlibCallbackExDelegate - LayoutlibCallback use after dispose
2026-03-04 22:15:41,826 [ 815322]   WARN - #com.android.tools.rendering.LayoutlibCallbackExDelegate - LayoutlibCallback use after dispose
2026-03-04 22:16:38,508 [ 872004]   WARN - #com.android.tools.rendering.LayoutlibCallbackExDelegate - LayoutlibCallback use after dispose
2026-03-04 22:16:38,508 [ 872004]   WARN - #com.android.tools.rendering.LayoutlibCallbackExDelegate - LayoutlibCallback use after dispose
2026-03-04 22:16:38,510 [ 872006]   WARN - #com.android.tools.rendering.LayoutlibCallbackExDelegate - LayoutlibCallback use after dispose
2026-03-04 22:16:38,510 [ 872006]   WARN - #com.android.tools.rendering.LayoutlibCallbackExDelegate - LayoutlibCallback use after dispose
2026-03-04 22:16:38,510 [ 872006]   WARN - #com.android.tools.rendering.LayoutlibCallbackExDelegate - LayoutlibCallback use after dispose
2026-03-04 22:16:38,511 [ 872007]   WARN - #com.android.tools.rendering.LayoutlibCallbackExDelegate - LayoutlibCallback use after dispose
2026-03-04 22:16:38,511 [ 872007]   WARN - #com.android.tools.rendering.LayoutlibCallbackExDelegate - LayoutlibCallback use after dispose
2026-03-04 22:16:38,511 [ 872007]   WARN - #com.android.tools.rendering.LayoutlibCallbackExDelegate - LayoutlibCallback use after dispose
2026-03-04 22:16:38,511 [ 872007]   WARN - #com.android.tools.rendering.LayoutlibCallbackExDelegate - LayoutlibCallback use after dispose
2026-03-04 22:16:38,511 [ 872007]   WARN - #com.android.tools.rendering.LayoutlibCallbackExDelegate - LayoutlibCallback use after dispose
2026-03-04 22:16:38,512 [ 872008]   WARN - #com.android.tools.rendering.LayoutlibCallbackExDelegate - LayoutlibCallback use after dispose
2026-03-04 22:16:38,512 [ 872008]   WARN - #com.android.tools.rendering.LayoutlibCallbackExDelegate - LayoutlibCallback use after dispose
2026-03-04 22:16:38,512 [ 872008]   WARN - #com.android.tools.rendering.LayoutlibCallbackExDelegate - LayoutlibCallback use after dispose
2026-03-04 22:16:38,512 [ 872008]   WARN - #com.android.tools.rendering.LayoutlibCallbackExDelegate - LayoutlibCallback use after dispose
2026-03-04 22:16:38,512 [ 872008]   WARN - #com.android.tools.rendering.LayoutlibCallbackExDelegate - LayoutlibCallback use after dispose
2026-03-04 22:16:38,512 [ 872008]   WARN - #com.android.tools.rendering.LayoutlibCallbackExDelegate - LayoutlibCallback use after dispose
2026-03-04 22:16:38,512 [ 872008]   WARN - #com.android.tools.rendering.LayoutlibCallbackExDelegate - LayoutlibCallback use after dispose
2026-03-04 22:16:38,513 [ 872009]   WARN - #com.android.tools.rendering.LayoutlibCallbackExDelegate - LayoutlibCallback use after dispose
2026-03-04 22:16:38,513 [ 872009]   WARN - #com.android.tools.rendering.LayoutlibCallbackExDelegate - LayoutlibCallback use after dispose
2026-03-04 22:16:38,513 [ 872009]   WARN - #com.android.tools.rendering.LayoutlibCallbackExDelegate - LayoutlibCallback use after dispose
2026-03-04 22:16:38,513 [ 872009]   WARN - #com.android.tools.rendering.LayoutlibCallbackExDelegate - LayoutlibCallback use after dispose
2026-03-04 22:16:38,513 [ 872009]   WARN - #com.android.tools.rendering.LayoutlibCallbackExDelegate - LayoutlibCallback use after dispose
2026-03-04 22:16:38,513 [ 872009]   WARN - #com.android.tools.rendering.LayoutlibCallbackExDelegate - LayoutlibCallback use after dispose
2026-03-04 22:16:38,513 [ 872009]   WARN - #com.android.tools.rendering.LayoutlibCallbackExDelegate - LayoutlibCallback use after dispose
2026-03-04 22:16:38,514 [ 872010]   WARN - #com.android.tools.rendering.LayoutlibCallbackExDelegate - LayoutlibCallback use after dispose
2026-03-04 22:16:38,514 [ 872010]   WARN - #com.android.tools.rendering.LayoutlibCallbackExDelegate - LayoutlibCallback use after dispose
2026-03-04 22:16:38,514 [ 872010]   WARN - #com.android.tools.rendering.LayoutlibCallbackExDelegate - LayoutlibCallback use after dispose
2026-03-04 22:16:51,338 [ 884834]   WARN - #com.android.tools.rendering.LayoutlibCallbackExDelegate - LayoutlibCallback use after dispose
2026-03-04 22:16:51,338 [ 884834]   WARN - #com.android.tools.rendering.LayoutlibCallbackExDelegate - LayoutlibCallback use after dispose
2026-03-04 22:16:51,339 [ 884835]   WARN - #com.android.tools.rendering.LayoutlibCallbackExDelegate - LayoutlibCallback use after dispose
2026-03-04 22:16:51,339 [ 884835]   WARN - #com.android.tools.rendering.LayoutlibCallbackExDelegate - LayoutlibCallback use after dispose
2026-03-04 22:16:51,340 [ 884836]   WARN - #com.android.tools.rendering.LayoutlibCallbackExDelegate - LayoutlibCallback use after dispose
2026-03-04 22:16:51,342 [ 884838]   WARN - #com.android.tools.rendering.LayoutlibCallbackExDelegate - LayoutlibCallback use after dispose
2026-03-04 22:16:51,342 [ 884838]   WARN - #com.android.tools.rendering.LayoutlibCallbackExDelegate - LayoutlibCallback use after dispose
2026-03-04 22:16:51,342 [ 884838]   WARN - #com.android.tools.rendering.LayoutlibCallbackExDelegate - LayoutlibCallback use after dispose
2026-03-04 22:16:51,342 [ 884838]   WARN - #com.android.tools.rendering.LayoutlibCallbackExDelegate - LayoutlibCallback use after dispose
2026-03-04 22:16:51,342 [ 884838]   WARN - #com.android.tools.rendering.LayoutlibCallbackExDelegate - LayoutlibCallback use after dispose
2026-03-04 22:16:51,342 [ 884838]   WARN - #com.android.tools.rendering.LayoutlibCallbackExDelegate - LayoutlibCallback use after dispose
2026-03-04 22:16:51,342 [ 884838]   WARN - #com.android.tools.rendering.LayoutlibCallbackExDelegate - LayoutlibCallback use after dispose
2026-03-04 22:16:51,342 [ 884838]   WARN - #com.android.tools.rendering.LayoutlibCallbackExDelegate - LayoutlibCallback use after dispose
2026-03-04 22:16:51,342 [ 884838]   WARN - #com.android.tools.rendering.LayoutlibCallbackExDelegate - LayoutlibCallback use after dispose
2026-03-04 22:16:51,342 [ 884838]   WARN - #com.android.tools.rendering.LayoutlibCallbackExDelegate - LayoutlibCallback use after dispose
2026-03-04 22:16:51,343 [ 884839]   WARN - #com.android.tools.rendering.LayoutlibCallbackExDelegate - LayoutlibCallback use after dispose
2026-03-04 22:16:51,343 [ 884839]   WARN - #com.android.tools.rendering.LayoutlibCallbackExDelegate - LayoutlibCallback use after dispose
2026-03-04 22:16:51,343 [ 884839]   WARN - #com.android.tools.rendering.LayoutlibCallbackExDelegate - LayoutlibCallback use after dispose
2026-03-04 22:16:51,343 [ 884839]   WARN - #com.android.tools.rendering.LayoutlibCallbackExDelegate - LayoutlibCallback use after dispose
2026-03-04 22:16:51,344 [ 884840]   WARN - #com.android.tools.rendering.LayoutlibCallbackExDelegate - LayoutlibCallback use after dispose
2026-03-04 22:16:51,344 [ 884840]   WARN - #com.android.tools.rendering.LayoutlibCallbackExDelegate - LayoutlibCallback use after dispose
2026-03-04 22:16:51,344 [ 884840]   WARN - #com.android.tools.rendering.LayoutlibCallbackExDelegate - LayoutlibCallback use after dispose
2026-03-04 22:16:51,344 [ 884840]   WARN - #com.android.tools.rendering.LayoutlibCallbackExDelegate - LayoutlibCallback use after dispose
2026-03-04 22:16:51,344 [ 884840]   WARN - #com.android.tools.rendering.LayoutlibCallbackExDelegate - LayoutlibCallback use after dispose
2026-03-04 22:16:51,345 [ 884841]   WARN - #com.android.tools.rendering.LayoutlibCallbackExDelegate - LayoutlibCallback use after dispose
2026-03-04 22:16:51,345 [ 884841]   WARN - #com.android.tools.rendering.LayoutlibCallbackExDelegate - LayoutlibCallback use after dispose
2026-03-04 22:16:51,345 [ 884841]   WARN - #com.android.tools.rendering.LayoutlibCallbackExDelegate - LayoutlibCallback use after dispose
2026-03-04 22:17:39,240 [ 932736]   WARN - #com.android.tools.rendering.LayoutlibCallbackExDelegate - LayoutlibCallback use after dispose
2026-03-04 22:17:39,240 [ 932736]   WARN - #com.android.tools.rendering.LayoutlibCallbackExDelegate - LayoutlibCallback use after dispose
2026-03-04 22:17:39,241 [ 932737]   WARN - #com.android.tools.rendering.LayoutlibCallbackExDelegate - LayoutlibCallback use after dispose
2026-03-04 22:17:39,241 [ 932737]   WARN - #com.android.tools.rendering.LayoutlibCallbackExDelegate - LayoutlibCallback use after dispose
2026-03-04 22:17:39,241 [ 932737]   WARN - #com.android.tools.rendering.LayoutlibCallbackExDelegate - LayoutlibCallback use after dispose
2026-03-04 22:17:39,243 [ 932739]   WARN - #com.android.tools.rendering.LayoutlibCallbackExDelegate - LayoutlibCallback use after dispose
2026-03-04 22:17:39,243 [ 932739]   WARN - #com.android.tools.rendering.LayoutlibCallbackExDelegate - LayoutlibCallback use after dispose
2026-03-04 22:17:39,243 [ 932739]   WARN - #com.android.tools.rendering.LayoutlibCallbackExDelegate - LayoutlibCallback use after dispose
2026-03-04 22:17:39,243 [ 932739]   WARN - #com.android.tools.rendering.LayoutlibCallbackExDelegate - LayoutlibCallback use after dispose
2026-03-04 22:17:39,243 [ 932739]   WARN - #com.android.tools.rendering.LayoutlibCallbackExDelegate - LayoutlibCallback use after dispose
2026-03-04 22:17:39,243 [ 932739]   WARN - #com.android.tools.rendering.LayoutlibCallbackExDelegate - LayoutlibCallback use after dispose
2026-03-04 22:17:39,244 [ 932740]   WARN - #com.android.tools.rendering.LayoutlibCallbackExDelegate - LayoutlibCallback use after dispose
2026-03-04 22:17:39,244 [ 932740]   WARN - #com.android.tools.rendering.LayoutlibCallbackExDelegate - LayoutlibCallback use after dispose
2026-03-04 22:17:39,244 [ 932740]   WARN - #com.android.tools.rendering.LayoutlibCallbackExDelegate - LayoutlibCallback use after dispose
2026-03-04 22:17:39,244 [ 932740]   WARN - #com.android.tools.rendering.LayoutlibCallbackExDelegate - LayoutlibCallback use after dispose
2026-03-04 22:17:39,244 [ 932740]   WARN - #com.android.tools.rendering.LayoutlibCallbackExDelegate - LayoutlibCallback use after dispose
2026-03-04 22:17:39,244 [ 932740]   WARN - #com.android.tools.rendering.LayoutlibCallbackExDelegate - LayoutlibCallback use after dispose
2026-03-04 22:17:39,244 [ 932740]   WARN - #com.android.tools.rendering.LayoutlibCallbackExDelegate - LayoutlibCallback use after dispose
2026-03-04 22:17:39,244 [ 932740]   WARN - #com.android.tools.rendering.LayoutlibCallbackExDelegate - LayoutlibCallback use after dispose
2026-03-04 22:17:39,245 [ 932741]   WARN - #com.android.tools.rendering.LayoutlibCallbackExDelegate - LayoutlibCallback use after dispose
2026-03-04 22:17:39,245 [ 932741]   WARN - #com.android.tools.rendering.LayoutlibCallbackExDelegate - LayoutlibCallback use after dispose
2026-03-04 22:17:39,245 [ 932741]   WARN - #com.android.tools.rendering.LayoutlibCallbackExDelegate - LayoutlibCallback use after dispose
2026-03-04 22:17:39,245 [ 932741]   WARN - #com.android.tools.rendering.LayoutlibCallbackExDelegate - LayoutlibCallback use after dispose
2026-03-04 22:17:39,245 [ 932741]   WARN - #com.android.tools.rendering.LayoutlibCallbackExDelegate - LayoutlibCallback use after dispose
2026-03-04 22:17:39,246 [ 932742]   WARN - #com.android.tools.rendering.LayoutlibCallbackExDelegate - LayoutlibCallback use after dispose
2026-03-04 22:17:39,246 [ 932742]   WARN - #com.android.tools.rendering.LayoutlibCallbackExDelegate - LayoutlibCallback use after dispose
2026-03-04 22:17:39,246 [ 932742]   WARN - #com.android.tools.rendering.LayoutlibCallbackExDelegate - LayoutlibCallback use after dispose
2026-03-04 22:17:42,389 [ 935885]   WARN - #com.android.tools.rendering.LayoutlibCallbackExDelegate - LayoutlibCallback use after dispose
2026-03-04 22:17:42,389 [ 935885]   WARN - #com.android.tools.rendering.LayoutlibCallbackExDelegate - LayoutlibCallback use after dispose
2026-03-04 22:17:42,390 [ 935886]   WARN - #com.android.tools.rendering.LayoutlibCallbackExDelegate - LayoutlibCallback use after dispose
2026-03-04 22:17:42,390 [ 935886]   WARN - #com.android.tools.rendering.LayoutlibCallbackExDelegate - LayoutlibCallback use after dispose
2026-03-04 22:17:42,390 [ 935886]   WARN - #com.android.tools.rendering.LayoutlibCallbackExDelegate - LayoutlibCallback use after dispose
2026-03-04 22:17:42,392 [ 935888]   WARN - #com.android.tools.rendering.LayoutlibCallbackExDelegate - LayoutlibCallback use after dispose
2026-03-04 22:17:42,392 [ 935888]   WARN - #com.android.tools.rendering.LayoutlibCallbackExDelegate - LayoutlibCallback use after dispose
2026-03-04 22:17:42,392 [ 935888]   WARN - #com.android.tools.rendering.LayoutlibCallbackExDelegate - LayoutlibCallback use after dispose
2026-03-04 22:17:42,392 [ 935888]   WARN - #com.android.tools.rendering.LayoutlibCallbackExDelegate - LayoutlibCallback use after dispose
2026-03-04 22:17:42,392 [ 935888]   WARN - #com.android.tools.rendering.LayoutlibCallbackExDelegate - LayoutlibCallback use after dispose
2026-03-04 22:17:42,392 [ 935888]   WARN - #com.android.tools.rendering.LayoutlibCallbackExDelegate - LayoutlibCallback use after dispose
2026-03-04 22:17:42,392 [ 935888]   WARN - #com.android.tools.rendering.LayoutlibCallbackExDelegate - LayoutlibCallback use after dispose
2026-03-04 22:17:42,392 [ 935888]   WARN - #com.android.tools.rendering.LayoutlibCallbackExDelegate - LayoutlibCallback use after dispose
2026-03-04 22:17:42,392 [ 935888]   WARN - #com.android.tools.rendering.LayoutlibCallbackExDelegate - LayoutlibCallback use after dispose
2026-03-04 22:17:42,393 [ 935889]   WARN - #com.android.tools.rendering.LayoutlibCallbackExDelegate - LayoutlibCallback use after dispose
2026-03-04 22:17:42,393 [ 935889]   WARN - #com.android.tools.rendering.LayoutlibCallbackExDelegate - LayoutlibCallback use after dispose
2026-03-04 22:17:42,393 [ 935889]   WARN - #com.android.tools.rendering.LayoutlibCallbackExDelegate - LayoutlibCallback use after dispose
2026-03-04 22:17:42,393 [ 935889]   WARN - #com.android.tools.rendering.LayoutlibCallbackExDelegate - LayoutlibCallback use after dispose
2026-03-04 22:17:42,393 [ 935889]   WARN - #com.android.tools.rendering.LayoutlibCallbackExDelegate - LayoutlibCallback use after dispose
2026-03-04 22:17:42,394 [ 935890]   WARN - #com.android.tools.rendering.LayoutlibCallbackExDelegate - LayoutlibCallback use after dispose
2026-03-04 22:17:42,394 [ 935890]   WARN - #com.android.tools.rendering.LayoutlibCallbackExDelegate - LayoutlibCallback use after dispose
2026-03-04 22:17:42,394 [ 935890]   WARN - #com.android.tools.rendering.LayoutlibCallbackExDelegate - LayoutlibCallback use after dispose
2026-03-04 22:17:42,394 [ 935890]   WARN - #com.android.tools.rendering.LayoutlibCallbackExDelegate - LayoutlibCallback use after dispose
2026-03-04 22:17:42,394 [ 935890]   WARN - #com.android.tools.rendering.LayoutlibCallbackExDelegate - LayoutlibCallback use after dispose
2026-03-04 22:17:42,395 [ 935891]   WARN - #com.android.tools.rendering.LayoutlibCallbackExDelegate - LayoutlibCallback use after dispose
2026-03-04 22:17:42,395 [ 935891]   WARN - #com.android.tools.rendering.LayoutlibCallbackExDelegate - LayoutlibCallback use after dispose
2026-03-04 22:17:42,395 [ 935891]   WARN - #com.android.tools.rendering.LayoutlibCallbackExDelegate - LayoutlibCallback use after dispose
2026-03-04 22:17:53,591 [ 947087]   WARN - #com.android.tools.rendering.LayoutlibCallbackExDelegate - LayoutlibCallback use after dispose
2026-03-04 22:17:53,591 [ 947087]   WARN - #com.android.tools.rendering.LayoutlibCallbackExDelegate - LayoutlibCallback use after dispose
2026-03-04 22:17:53,592 [ 947088]   WARN - #com.android.tools.rendering.LayoutlibCallbackExDelegate - LayoutlibCallback use after dispose
2026-03-04 22:17:53,592 [ 947088]   WARN - #com.android.tools.rendering.LayoutlibCallbackExDelegate - LayoutlibCallback use after dispose
2026-03-04 22:17:53,592 [ 947088]   WARN - #com.android.tools.rendering.LayoutlibCallbackExDelegate - LayoutlibCallback use after dispose
2026-03-04 22:17:53,593 [ 947089]   WARN - #com.android.tools.rendering.LayoutlibCallbackExDelegate - LayoutlibCallback use after dispose
2026-03-04 22:17:53,593 [ 947089]   WARN - #com.android.tools.rendering.LayoutlibCallbackExDelegate - LayoutlibCallback use after dispose
2026-03-04 22:17:53,593 [ 947089]   WARN - #com.android.tools.rendering.LayoutlibCallbackExDelegate - LayoutlibCallback use after dispose
2026-03-04 22:17:53,593 [ 947089]   WARN - #com.android.tools.rendering.LayoutlibCallbackExDelegate - LayoutlibCallback use after dispose
2026-03-04 22:17:53,593 [ 947089]   WARN - #com.android.tools.rendering.LayoutlibCallbackExDelegate - LayoutlibCallback use after dispose
2026-03-04 22:17:53,594 [ 947090]   WARN - #com.android.tools.rendering.LayoutlibCallbackExDelegate - LayoutlibCallback use after dispose
2026-03-04 22:17:53,594 [ 947090]   WARN - #com.android.tools.rendering.LayoutlibCallbackExDelegate - LayoutlibCallback use after dispose
2026-03-04 22:17:53,594 [ 947090]   WARN - #com.android.tools.rendering.LayoutlibCallbackExDelegate - LayoutlibCallback use after dispose
2026-03-04 22:17:53,594 [ 947090]   WARN - #com.android.tools.rendering.LayoutlibCallbackExDelegate - LayoutlibCallback use after dispose
2026-03-04 22:17:53,594 [ 947090]   WARN - #com.android.tools.rendering.LayoutlibCallbackExDelegate - LayoutlibCallback use after dispose
2026-03-04 22:17:53,594 [ 947090]   WARN - #com.android.tools.rendering.LayoutlibCallbackExDelegate - LayoutlibCallback use after dispose
2026-03-04 22:17:53,594 [ 947090]   WARN - #com.android.tools.rendering.LayoutlibCallbackExDelegate - LayoutlibCallback use after dispose
2026-03-04 22:17:53,594 [ 947090]   WARN - #com.android.tools.rendering.LayoutlibCallbackExDelegate - LayoutlibCallback use after dispose
2026-03-04 22:17:53,594 [ 947090]   WARN - #com.android.tools.rendering.LayoutlibCallbackExDelegate - LayoutlibCallback use after dispose
2026-03-04 22:17:53,595 [ 947091]   WARN - #com.android.tools.rendering.LayoutlibCallbackExDelegate - LayoutlibCallback use after dispose
2026-03-04 22:17:53,595 [ 947091]   WARN - #com.android.tools.rendering.LayoutlibCallbackExDelegate - LayoutlibCallback use after dispose
2026-03-04 22:17:53,595 [ 947091]   WARN - #com.android.tools.rendering.LayoutlibCallbackExDelegate - LayoutlibCallback use after dispose
2026-03-04 22:17:53,595 [ 947091]   WARN - #com.android.tools.rendering.LayoutlibCallbackExDelegate - LayoutlibCallback use after dispose
2026-03-04 22:17:53,595 [ 947091]   WARN - #com.android.tools.rendering.LayoutlibCallbackExDelegate - LayoutlibCallback use after dispose
2026-03-04 22:17:53,595 [ 947091]   WARN - #com.android.tools.rendering.LayoutlibCallbackExDelegate - LayoutlibCallback use after dispose
2026-03-04 22:17:53,595 [ 947091]   WARN - #com.android.tools.rendering.LayoutlibCallbackExDelegate - LayoutlibCallback use after dispose
2026-03-04 22:17:53,595 [ 947091]   WARN - #com.android.tools.rendering.LayoutlibCallbackExDelegate - LayoutlibCallback use after dispose
2026-03-04 22:17:57,442 [ 950938]   WARN - #com.android.tools.rendering.LayoutlibCallbackExDelegate - LayoutlibCallback use after dispose
2026-03-04 22:17:57,443 [ 950939]   WARN - #com.android.tools.rendering.LayoutlibCallbackExDelegate - LayoutlibCallback use after dispose
2026-03-04 22:17:57,443 [ 950939]   WARN - #com.android.tools.rendering.LayoutlibCallbackExDelegate - LayoutlibCallback use after dispose
2026-03-04 22:17:57,443 [ 950939]   WARN - #com.android.tools.rendering.LayoutlibCallbackExDelegate - LayoutlibCallback use after dispose
2026-03-04 22:17:57,443 [ 950939]   WARN - #com.android.tools.rendering.LayoutlibCallbackExDelegate - LayoutlibCallback use after dispose
2026-03-04 22:17:57,443 [ 950939]   WARN - #com.android.tools.rendering.LayoutlibCallbackExDelegate - LayoutlibCallback use after dispose
2026-03-04 22:17:57,443 [ 950939]   WARN - #com.android.tools.rendering.LayoutlibCallbackExDelegate - LayoutlibCallback use after dispose
2026-03-04 22:17:57,443 [ 950939]   WARN - #com.android.tools.rendering.LayoutlibCallbackExDelegate - LayoutlibCallback use after dispose
2026-03-04 22:17:57,444 [ 950940]   WARN - #com.android.tools.rendering.LayoutlibCallbackExDelegate - LayoutlibCallback use after dispose
2026-03-04 22:17:57,444 [ 950940]   WARN - #com.android.tools.rendering.LayoutlibCallbackExDelegate - LayoutlibCallback use after dispose
2026-03-04 22:17:57,444 [ 950940]   WARN - #com.android.tools.rendering.LayoutlibCallbackExDelegate - LayoutlibCallback use after dispose
2026-03-04 22:17:57,444 [ 950940]   WARN - #com.android.tools.rendering.LayoutlibCallbackExDelegate - LayoutlibCallback use after dispose
2026-03-04 22:17:57,444 [ 950940]   WARN - #com.android.tools.rendering.LayoutlibCallbackExDelegate - LayoutlibCallback use after dispose
2026-03-04 22:17:57,444 [ 950940]   WARN - #com.android.tools.rendering.LayoutlibCallbackExDelegate - LayoutlibCallback use after dispose
2026-03-04 22:17:57,445 [ 950941]   WARN - #com.android.tools.rendering.LayoutlibCallbackExDelegate - LayoutlibCallback use after dispose
2026-03-04 22:17:57,445 [ 950941]   WARN - #com.android.tools.rendering.LayoutlibCallbackExDelegate - LayoutlibCallback use after dispose
2026-03-04 22:17:57,445 [ 950941]   WARN - #com.android.tools.rendering.LayoutlibCallbackExDelegate - LayoutlibCallback use after dispose
2026-03-04 22:17:57,445 [ 950941]   WARN - #com.android.tools.rendering.LayoutlibCallbackExDelegate - LayoutlibCallback use after dispose
2026-03-04 22:17:57,445 [ 950941]   WARN - #com.android.tools.rendering.LayoutlibCallbackExDelegate - LayoutlibCallback use after dispose
2026-03-04 22:17:57,446 [ 950942]   WARN - #com.android.tools.rendering.LayoutlibCallbackExDelegate - LayoutlibCallback use after dispose
2026-03-04 22:17:57,446 [ 950942]   WARN - #com.android.tools.rendering.LayoutlibCallbackExDelegate - LayoutlibCallback use after dispose
2026-03-04 22:17:57,446 [ 950942]   WARN - #com.android.tools.rendering.LayoutlibCallbackExDelegate - LayoutlibCallback use after dispose
2026-03-04 22:17:57,446 [ 950942]   WARN - #com.android.tools.rendering.LayoutlibCallbackExDelegate - LayoutlibCallback use after dispose
2026-03-04 22:17:57,446 [ 950942]   WARN - #com.android.tools.rendering.LayoutlibCallbackExDelegate - LayoutlibCallback use after dispose
2026-03-04 22:17:57,447 [ 950943]   WARN - #com.android.tools.rendering.LayoutlibCallbackExDelegate - LayoutlibCallback use after dispose
2026-03-04 22:17:57,572 [ 951068]   WARN - #com.android.tools.rendering.LayoutlibCallbackExDelegate - LayoutlibCallback use after dispose
2026-03-04 22:17:57,573 [ 951069]   WARN - #com.android.tools.rendering.LayoutlibCallbackExDelegate - LayoutlibCallback use after dispose
2026-03-04 22:17:57,578 [ 951074]   WARN - #com.android.tools.rendering.LayoutlibCallbackExDelegate - LayoutlibCallback use after dispose
2026-03-04 22:17:57,579 [ 951075]   WARN - #com.android.tools.rendering.LayoutlibCallbackExDelegate - LayoutlibCallback use after dispose
2026-03-04 22:17:57,580 [ 951076]   WARN - #com.android.tools.rendering.LayoutlibCallbackExDelegate - LayoutlibCallback use after dispose
2026-03-04 22:17:57,581 [ 951077]   WARN - #com.android.tools.rendering.LayoutlibCallbackExDelegate - LayoutlibCallback use after dispose
2026-03-04 22:17:57,581 [ 951077]   WARN - #com.android.tools.rendering.LayoutlibCallbackExDelegate - LayoutlibCallback use after dispose
2026-03-04 22:17:57,581 [ 951077]   WARN - #com.android.tools.rendering.LayoutlibCallbackExDelegate - LayoutlibCallback use after dispose
2026-03-04 22:17:57,581 [ 951077]   WARN - #com.android.tools.rendering.LayoutlibCallbackExDelegate - LayoutlibCallback use after dispose
2026-03-04 22:17:57,581 [ 951077]   WARN - #com.android.tools.rendering.LayoutlibCallbackExDelegate - LayoutlibCallback use after dispose
2026-03-04 22:17:57,582 [ 951078]   WARN - #com.android.tools.rendering.LayoutlibCallbackExDelegate - LayoutlibCallback use after dispose
2026-03-04 22:17:57,582 [ 951078]   WARN - #com.android.tools.rendering.LayoutlibCallbackExDelegate - LayoutlibCallback use after dispose
2026-03-04 22:17:57,582 [ 951078]   WARN - #com.android.tools.rendering.LayoutlibCallbackExDelegate - LayoutlibCallback use after dispose
2026-03-04 22:17:57,582 [ 951078]   WARN - #com.android.tools.rendering.LayoutlibCallbackExDelegate - LayoutlibCallback use after dispose
2026-03-04 22:17:57,582 [ 951078]   WARN - #com.android.tools.rendering.LayoutlibCallbackExDelegate - LayoutlibCallback use after dispose
2026-03-04 22:17:57,583 [ 951079]   WARN - #com.android.tools.rendering.LayoutlibCallbackExDelegate - LayoutlibCallback use after dispose
2026-03-04 22:17:57,583 [ 951079]   WARN - #com.android.tools.rendering.LayoutlibCallbackExDelegate - LayoutlibCallback use after dispose
2026-03-04 22:17:57,583 [ 951079]   WARN - #com.android.tools.rendering.LayoutlibCallbackExDelegate - LayoutlibCallback use after dispose
2026-03-04 22:17:57,583 [ 951079]   WARN - #com.android.tools.rendering.LayoutlibCallbackExDelegate - LayoutlibCallback use after dispose
2026-03-04 22:17:57,584 [ 951080]   WARN - #com.android.tools.rendering.LayoutlibCallbackExDelegate - LayoutlibCallback use after dispose
2026-03-04 22:17:57,584 [ 951080]   WARN - #com.android.tools.rendering.LayoutlibCallbackExDelegate - LayoutlibCallback use after dispose
2026-03-04 22:17:57,584 [ 951080]   WARN - #com.android.tools.rendering.LayoutlibCallbackExDelegate - LayoutlibCallback use after dispose
2026-03-04 22:17:57,584 [ 951080]   WARN - #com.android.tools.rendering.LayoutlibCallbackExDelegate - LayoutlibCallback use after dispose
2026-03-04 22:17:57,584 [ 951080]   WARN - #com.android.tools.rendering.LayoutlibCallbackExDelegate - LayoutlibCallback use after dispose
2026-03-04 22:17:57,585 [ 951081]   WARN - #com.android.tools.rendering.LayoutlibCallbackExDelegate - LayoutlibCallback use after dispose
2026-03-04 22:17:57,585 [ 951081]   WARN - #com.android.tools.rendering.LayoutlibCallbackExDelegate - LayoutlibCallback use after dispose
2026-03-04 22:17:57,585 [ 951081]   WARN - #com.android.tools.rendering.LayoutlibCallbackExDelegate - LayoutlibCallback use after dispose
2026-03-04 22:18:19,690 [ 973186]   WARN - #com.android.tools.rendering.LayoutlibCallbackExDelegate - LayoutlibCallback use after dispose
2026-03-04 22:18:19,690 [ 973186]   WARN - #com.android.tools.rendering.LayoutlibCallbackExDelegate - LayoutlibCallback use after dispose
2026-03-04 22:18:19,690 [ 973186]   WARN - #com.android.tools.rendering.LayoutlibCallbackExDelegate - LayoutlibCallback use after dispose
2026-03-04 22:18:19,690 [ 973186]   WARN - #com.android.tools.rendering.LayoutlibCallbackExDelegate - LayoutlibCallback use after dispose
2026-03-04 22:18:19,690 [ 973186]   WARN - #com.android.tools.rendering.LayoutlibCallbackExDelegate - LayoutlibCallback use after dispose
2026-03-04 22:18:19,690 [ 973186]   WARN - #com.android.tools.rendering.LayoutlibCallbackExDelegate - LayoutlibCallback use after dispose
2026-03-04 22:18:19,690 [ 973186]   WARN - #com.android.tools.rendering.LayoutlibCallbackExDelegate - LayoutlibCallback use after dispose
2026-03-04 22:18:19,690 [ 973186]   WARN - #com.android.tools.rendering.LayoutlibCallbackExDelegate - LayoutlibCallback use after dispose
2026-03-04 22:18:19,691 [ 973187]   WARN - #com.android.tools.rendering.LayoutlibCallbackExDelegate - LayoutlibCallback use after dispose
2026-03-04 22:18:19,691 [ 973187]   WARN - #com.android.tools.rendering.LayoutlibCallbackExDelegate - LayoutlibCallback use after dispose
2026-03-04 22:18:19,691 [ 973187]   WARN - #com.android.tools.rendering.LayoutlibCallbackExDelegate - LayoutlibCallback use after dispose
2026-03-04 22:18:19,691 [ 973187]   WARN - #com.android.tools.rendering.LayoutlibCallbackExDelegate - LayoutlibCallback use after dispose
2026-03-04 22:18:19,691 [ 973187]   WARN - #com.android.tools.rendering.LayoutlibCallbackExDelegate - LayoutlibCallback use after dispose
2026-03-04 22:18:19,691 [ 973187]   WARN - #com.android.tools.rendering.LayoutlibCallbackExDelegate - LayoutlibCallback use after dispose
2026-03-04 22:18:19,691 [ 973187]   WARN - #com.android.tools.rendering.LayoutlibCallbackExDelegate - LayoutlibCallback use after dispose
2026-03-04 22:18:19,691 [ 973187]   WARN - #com.android.tools.rendering.LayoutlibCallbackExDelegate - LayoutlibCallback use after dispose
2026-03-04 22:18:19,691 [ 973187]   WARN - #com.android.tools.rendering.LayoutlibCallbackExDelegate - LayoutlibCallback use after dispose
2026-03-04 22:18:19,692 [ 973188]   WARN - #com.android.tools.rendering.LayoutlibCallbackExDelegate - LayoutlibCallback use after dispose
2026-03-04 22:18:19,692 [ 973188]   WARN - #com.android.tools.rendering.LayoutlibCallbackExDelegate - LayoutlibCallback use after dispose
2026-03-04 22:18:19,692 [ 973188]   WARN - #com.android.tools.rendering.LayoutlibCallbackExDelegate - LayoutlibCallback use after dispose
2026-03-04 22:18:19,692 [ 973188]   WARN - #com.android.tools.rendering.LayoutlibCallbackExDelegate - LayoutlibCallback use after dispose
2026-03-04 22:18:19,692 [ 973188]   WARN - #com.android.tools.rendering.LayoutlibCallbackExDelegate - LayoutlibCallback use after dispose
2026-03-04 22:18:19,692 [ 973188]   WARN - #com.android.tools.rendering.LayoutlibCallbackExDelegate - LayoutlibCallback use after dispose
2026-03-04 22:18:19,692 [ 973188]   WARN - #com.android.tools.rendering.LayoutlibCallbackExDelegate - LayoutlibCallback use after dispose
2026-03-04 22:18:19,692 [ 973188]   WARN - #com.android.tools.rendering.LayoutlibCallbackExDelegate - LayoutlibCallback use after dispose
2026-03-04 22:18:19,692 [ 973188]   WARN - #com.android.tools.rendering.LayoutlibCallbackExDelegate - LayoutlibCallback use after dispose
2026-03-04 22:18:19,692 [ 973188]   WARN - #com.android.tools.rendering.LayoutlibCallbackExDelegate - LayoutlibCallback use after dispose
2026-03-04 22:18:19,692 [ 973188]   WARN - #com.android.tools.rendering.LayoutlibCallbackExDelegate - LayoutlibCallback use after dispose
2026-03-04 22:18:19,692 [ 973188]   WARN - #com.android.tools.rendering.LayoutlibCallbackExDelegate - LayoutlibCallback use after dispose
2026-03-04 22:18:19,692 [ 973188]   WARN - #com.android.tools.rendering.LayoutlibCallbackExDelegate - LayoutlibCallback use after dispose
2026-03-04 22:18:19,692 [ 973188]   WARN - #com.android.tools.rendering.LayoutlibCallbackExDelegate - LayoutlibCallback use after dispose
2026-03-04 22:18:19,692 [ 973188]   WARN - #com.android.tools.rendering.LayoutlibCallbackExDelegate - LayoutlibCallback use after dispose
2026-03-04 22:18:19,692 [ 973188]   WARN - #com.android.tools.rendering.LayoutlibCallbackExDelegate - LayoutlibCallback use after dispose
2026-03-04 22:18:19,692 [ 973188]   WARN - #com.android.tools.rendering.LayoutlibCallbackExDelegate - LayoutlibCallback use after dispose
2026-03-04 22:18:19,692 [ 973188]   WARN - #com.android.tools.rendering.LayoutlibCallbackExDelegate - LayoutlibCallback use after dispose
2026-03-04 22:18:19,692 [ 973188]   WARN - #com.android.tools.rendering.LayoutlibCallbackExDelegate - LayoutlibCallback use after dispose
2026-03-04 22:18:19,692 [ 973188]   WARN - #com.android.tools.rendering.LayoutlibCallbackExDelegate - LayoutlibCallback use after dispose
2026-03-04 22:18:19,692 [ 973188]   WARN - #com.android.tools.rendering.LayoutlibCallbackExDelegate - LayoutlibCallback use after dispose
2026-03-04 22:18:19,692 [ 973188]   WARN - #com.android.tools.rendering.LayoutlibCallbackExDelegate - LayoutlibCallback use after dispose
2026-03-04 22:18:19,692 [ 973188]   WARN - #com.android.tools.rendering.LayoutlibCallbackExDelegate - LayoutlibCallback use after dispose
2026-03-04 22:18:19,692 [ 973188]   WARN - #com.android.tools.rendering.LayoutlibCallbackExDelegate - LayoutlibCallback use after dispose
2026-03-04 22:18:19,692 [ 973188]   WARN - #com.android.tools.rendering.LayoutlibCallbackExDelegate - LayoutlibCallback use after dispose
2026-03-04 22:18:19,692 [ 973188]   WARN - #com.android.tools.rendering.LayoutlibCallbackExDelegate - LayoutlibCallback use after dispose
2026-03-04 22:18:19,692 [ 973188]   WARN - #com.android.tools.rendering.LayoutlibCallbackExDelegate - LayoutlibCallback use after dispose
2026-03-04 22:18:19,692 [ 973188]   WARN - #com.android.tools.rendering.LayoutlibCallbackExDelegate - LayoutlibCallback use after dispose
2026-03-04 22:18:19,692 [ 973188]   WARN - #com.android.tools.rendering.LayoutlibCallbackExDelegate - LayoutlibCallback use after dispose
2026-03-04 22:18:19,692 [ 973188]   WARN - #com.android.tools.rendering.LayoutlibCallbackExDelegate - LayoutlibCallback use after dispose
2026-03-04 22:18:19,692 [ 973188]   WARN - #com.android.tools.rendering.LayoutlibCallbackExDelegate - LayoutlibCallback use after dispose
2026-03-04 22:18:19,692 [ 973188]   WARN - #com.android.tools.rendering.LayoutlibCallbackExDelegate - LayoutlibCallback use after dispose
2026-03-04 22:18:19,692 [ 973188]   WARN - #com.android.tools.rendering.LayoutlibCallbackExDelegate - LayoutlibCallback use after dispose
2026-03-04 22:18:19,692 [ 973188]   WARN - #com.android.tools.rendering.LayoutlibCallbackExDelegate - LayoutlibCallback use after dispose
2026-03-04 22:18:19,692 [ 973188]   WARN - #com.android.tools.rendering.LayoutlibCallbackExDelegate - LayoutlibCallback use after dispose
2026-03-04 22:18:19,692 [ 973188]   WARN - #com.android.tools.rendering.LayoutlibCallbackExDelegate - LayoutlibCallback use after dispose
2026-03-04 22:18:19,692 [ 973188]   WARN - #com.android.tools.rendering.LayoutlibCallbackExDelegate - LayoutlibCallback use after dispose
2026-03-04 22:18:19,692 [ 973188]   WARN - #com.android.tools.rendering.LayoutlibCallbackExDelegate - LayoutlibCallback use after dispose
2026-03-04 22:18:19,692 [ 973188]   WARN - #com.android.tools.rendering.LayoutlibCallbackExDelegate - LayoutlibCallback use after dispose
2026-03-04 22:18:19,692 [ 973188]   WARN - #com.android.tools.rendering.LayoutlibCallbackExDelegate - LayoutlibCallback use after dispose
2026-03-04 22:18:19,692 [ 973188]   WARN - #com.android.tools.rendering.LayoutlibCallbackExDelegate - LayoutlibCallback use after dispose
2026-03-04 22:18:19,692 [ 973188]   WARN - #com.android.tools.rendering.LayoutlibCallbackExDelegate - LayoutlibCallback use after dispose
2026-03-04 22:18:19,692 [ 973188]   WARN - #com.android.tools.rendering.LayoutlibCallbackExDelegate - LayoutlibCallback use after dispose
2026-03-04 22:18:19,692 [ 973188]   WARN - #com.android.tools.rendering.LayoutlibCallbackExDelegate - LayoutlibCallback use after dispose
2026-03-04 22:18:19,692 [ 973188]   WARN - #com.android.tools.rendering.LayoutlibCallbackExDelegate - LayoutlibCallback use after dispose
2026-03-04 22:18:19,692 [ 973188]   WARN - #com.android.tools.rendering.LayoutlibCallbackExDelegate - LayoutlibCallback use after dispose
2026-03-04 22:18:19,692 [ 973188]   WARN - #com.android.tools.rendering.LayoutlibCallbackExDelegate - LayoutlibCallback use after dispose
2026-03-04 22:18:19,692 [ 973188]   WARN - #com.android.tools.rendering.LayoutlibCallbackExDelegate - LayoutlibCallback use after dispose
2026-03-04 22:18:19,692 [ 973188]   WARN - #com.android.tools.rendering.LayoutlibCallbackExDelegate - LayoutlibCallback use after dispose
2026-03-04 22:18:19,693 [ 973189]   WARN - #com.android.tools.rendering.LayoutlibCallbackExDelegate - LayoutlibCallback use after dispose
2026-03-04 22:18:19,693 [ 973189]   WARN - #com.android.tools.rendering.LayoutlibCallbackExDelegate - LayoutlibCallback use after dispose
2026-03-04 22:18:19,693 [ 973189]   WARN - #com.android.tools.rendering.LayoutlibCallbackExDelegate - LayoutlibCallback use after dispose
2026-03-04 22:18:19,693 [ 973189]   WARN - #com.android.tools.rendering.LayoutlibCallbackExDelegate - LayoutlibCallback use after dispose
2026-03-04 22:18:19,693 [ 973189]   WARN - #com.android.tools.rendering.LayoutlibCallbackExDelegate - LayoutlibCallback use after dispose
2026-03-04 22:18:19,693 [ 973189]   WARN - #com.android.tools.rendering.LayoutlibCallbackExDelegate - LayoutlibCallback use after dispose
2026-03-04 22:18:19,693 [ 973189]   WARN - #com.android.tools.rendering.LayoutlibCallbackExDelegate - LayoutlibCallback use after dispose
2026-03-04 22:18:19,693 [ 973189]   WARN - #com.android.tools.rendering.LayoutlibCallbackExDelegate - LayoutlibCallback use after dispose
2026-03-04 22:18:19,693 [ 973189]   WARN - #com.android.tools.rendering.LayoutlibCallbackExDelegate - LayoutlibCallback use after dispose
2026-03-04 22:18:19,693 [ 973189]   WARN - #com.android.tools.rendering.LayoutlibCallbackExDelegate - LayoutlibCallback use after dispose
2026-03-04 22:18:19,693 [ 973189]   WARN - #com.android.tools.rendering.LayoutlibCallbackExDelegate - LayoutlibCallback use after dispose
2026-03-04 22:18:19,693 [ 973189]   WARN - #com.android.tools.rendering.LayoutlibCallbackExDelegate - LayoutlibCallback use after dispose
2026-03-04 22:18:19,693 [ 973189]   WARN - #com.android.tools.rendering.LayoutlibCallbackExDelegate - LayoutlibCallback use after dispose
2026-03-04 22:18:19,693 [ 973189]   WARN - #com.android.tools.rendering.LayoutlibCallbackExDelegate - LayoutlibCallback use after dispose
2026-03-04 22:18:19,693 [ 973189]   WARN - #com.android.tools.rendering.LayoutlibCallbackExDelegate - LayoutlibCallback use after dispose
2026-03-04 22:18:19,693 [ 973189]   WARN - #com.android.tools.rendering.LayoutlibCallbackExDelegate - LayoutlibCallback use after dispose
2026-03-04 22:18:19,693 [ 973189]   WARN - #com.android.tools.rendering.LayoutlibCallbackExDelegate - LayoutlibCallback use after dispose
2026-03-04 22:18:19,693 [ 973189]   WARN - #com.android.tools.rendering.LayoutlibCallbackExDelegate - LayoutlibCallback use after dispose
2026-03-04 22:18:19,693 [ 973189]   WARN - #com.android.tools.rendering.LayoutlibCallbackExDelegate - LayoutlibCallback use after dispose
2026-03-04 22:18:19,693 [ 973189]   WARN - #com.android.tools.rendering.LayoutlibCallbackExDelegate - LayoutlibCallback use after dispose
2026-03-04 22:18:19,693 [ 973189]   WARN - #com.android.tools.rendering.LayoutlibCallbackExDelegate - LayoutlibCallback use after dispose
2026-03-04 22:18:19,693 [ 973189]   WARN - #com.android.tools.rendering.LayoutlibCallbackExDelegate - LayoutlibCallback use after dispose
2026-03-04 22:18:19,693 [ 973189]   WARN - #com.android.tools.rendering.LayoutlibCallbackExDelegate - LayoutlibCallback use after dispose
2026-03-04 22:18:19,693 [ 973189]   WARN - #com.android.tools.rendering.LayoutlibCallbackExDelegate - LayoutlibCallback use after dispose
2026-03-04 22:18:19,693 [ 973189]   WARN - #com.android.tools.rendering.LayoutlibCallbackExDelegate - LayoutlibCallback use after dispose
2026-03-04 22:18:19,693 [ 973189]   WARN - #com.android.tools.rendering.LayoutlibCallbackExDelegate - LayoutlibCallback use after dispose
2026-03-04 22:18:19,693 [ 973189]   WARN - #com.android.tools.rendering.LayoutlibCallbackExDelegate - LayoutlibCallback use after dispose
2026-03-04 22:18:19,693 [ 973189]   WARN - #com.android.tools.rendering.LayoutlibCallbackExDelegate - LayoutlibCallback use after dispose
2026-03-04 22:18:19,693 [ 973189]   WARN - #com.android.tools.rendering.LayoutlibCallbackExDelegate - LayoutlibCallback use after dispose
2026-03-04 22:18:19,693 [ 973189]   WARN - #com.android.tools.rendering.LayoutlibCallbackExDelegate - LayoutlibCallback use after dispose
2026-03-04 22:18:19,693 [ 973189]   WARN - #com.android.tools.rendering.LayoutlibCallbackExDelegate - LayoutlibCallback use after dispose
2026-03-04 22:18:19,693 [ 973189]   WARN - #com.android.tools.rendering.LayoutlibCallbackExDelegate - LayoutlibCallback use after dispose
2026-03-04 22:18:19,693 [ 973189]   WARN - #com.android.tools.rendering.LayoutlibCallbackExDelegate - LayoutlibCallback use after dispose
2026-03-04 22:18:19,693 [ 973189]   WARN - #com.android.tools.rendering.LayoutlibCallbackExDelegate - LayoutlibCallback use after dispose
2026-03-04 22:18:19,693 [ 973189]   WARN - #com.android.tools.rendering.LayoutlibCallbackExDelegate - LayoutlibCallback use after dispose
2026-03-04 22:18:19,693 [ 973189]   WARN - #com.android.tools.rendering.LayoutlibCallbackExDelegate - LayoutlibCallback use after dispose
2026-03-04 22:18:19,693 [ 973189]   WARN - #com.android.tools.rendering.LayoutlibCallbackExDelegate - LayoutlibCallback use after dispose
2026-03-04 22:18:19,693 [ 973189]   WARN - #com.android.tools.rendering.LayoutlibCallbackExDelegate - LayoutlibCallback use after dispose
2026-03-04 22:18:19,693 [ 973189]   WARN - #com.android.tools.rendering.LayoutlibCallbackExDelegate - LayoutlibCallback use after dispose
2026-03-04 22:18:19,693 [ 973189]   WARN - #com.android.tools.rendering.LayoutlibCallbackExDelegate - LayoutlibCallback use after dispose
2026-03-04 22:18:19,693 [ 973189]   WARN - #com.android.tools.rendering.LayoutlibCallbackExDelegate - LayoutlibCallback use after dispose
2026-03-04 22:18:19,694 [ 973190]   WARN - #com.android.tools.rendering.LayoutlibCallbackExDelegate - LayoutlibCallback use after dispose
2026-03-04 22:18:19,694 [ 973190]   WARN - #com.android.tools.rendering.LayoutlibCallbackExDelegate - LayoutlibCallback use after dispose
2026-03-04 22:18:19,694 [ 973190]   WARN - #com.android.tools.rendering.LayoutlibCallbackExDelegate - LayoutlibCallback use after dispose
2026-03-04 22:18:19,694 [ 973190]   WARN - #com.android.tools.rendering.LayoutlibCallbackExDelegate - LayoutlibCallback use after dispose
2026-03-04 22:18:19,694 [ 973190]   WARN - #com.android.tools.rendering.LayoutlibCallbackExDelegate - LayoutlibCallback use after dispose
2026-03-04 22:18:19,694 [ 973190]   WARN - #com.android.tools.rendering.LayoutlibCallbackExDelegate - LayoutlibCallback use after dispose
2026-03-04 22:18:19,694 [ 973190]   WARN - #com.android.tools.rendering.LayoutlibCallbackExDelegate - LayoutlibCallback use after dispose
2026-03-04 22:18:19,694 [ 973190]   WARN - #com.android.tools.rendering.LayoutlibCallbackExDelegate - LayoutlibCallback use after dispose
2026-03-04 22:18:19,694 [ 973190]   WARN - #com.android.tools.rendering.LayoutlibCallbackExDelegate - LayoutlibCallback use after dispose
2026-03-04 22:18:19,694 [ 973190]   WARN - #com.android.tools.rendering.LayoutlibCallbackExDelegate - LayoutlibCallback use after dispose
2026-03-04 22:18:19,694 [ 973190]   WARN - #com.android.tools.rendering.LayoutlibCallbackExDelegate - LayoutlibCallback use after dispose
2026-03-04 22:18:19,695 [ 973191]   WARN - #com.android.tools.rendering.LayoutlibCallbackExDelegate - LayoutlibCallback use after dispose
2026-03-04 22:18:19,695 [ 973191]   WARN - #com.android.tools.rendering.LayoutlibCallbackExDelegate - LayoutlibCallback use after dispose
2026-03-04 22:18:19,695 [ 973191]   WARN - #com.android.tools.rendering.LayoutlibCallbackExDelegate - LayoutlibCallback use after dispose
2026-03-04 22:18:19,695 [ 973191]   WARN - #com.android.tools.rendering.LayoutlibCallbackExDelegate - LayoutlibCallback use after dispose
2026-03-04 22:18:19,696 [ 973192]   WARN - #com.android.tools.rendering.LayoutlibCallbackExDelegate - LayoutlibCallback use after dispose
2026-03-04 22:18:19,696 [ 973192]   WARN - #com.android.tools.rendering.LayoutlibCallbackExDelegate - LayoutlibCallback use after dispose
2026-03-04 22:18:19,697 [ 973193]   WARN - #com.android.tools.rendering.LayoutlibCallbackExDelegate - LayoutlibCallback use after dispose
2026-03-04 22:18:19,697 [ 973193]   WARN - #com.android.tools.rendering.LayoutlibCallbackExDelegate - LayoutlibCallback use after dispose
2026-03-04 22:18:19,698 [ 973194]   WARN - #com.android.tools.rendering.LayoutlibCallbackExDelegate - LayoutlibCallback use after dispose
2026-03-04 22:18:21,672 [ 975168]   WARN - #com.android.tools.rendering.LayoutlibCallbackExDelegate - LayoutlibCallback use after dispose
2026-03-04 22:18:21,672 [ 975168]   WARN - #com.android.tools.rendering.LayoutlibCallbackExDelegate - LayoutlibCallback use after dispose
2026-03-04 22:18:21,673 [ 975169]   WARN - #com.android.tools.rendering.LayoutlibCallbackExDelegate - LayoutlibCallback use after dispose
2026-03-04 22:18:21,673 [ 975169]   WARN - #com.android.tools.rendering.LayoutlibCallbackExDelegate - LayoutlibCallback use after dispose
2026-03-04 22:18:21,673 [ 975169]   WARN - #com.android.tools.rendering.LayoutlibCallbackExDelegate - LayoutlibCallback use after dispose
2026-03-04 22:18:21,674 [ 975170]   WARN - #com.android.tools.rendering.LayoutlibCallbackExDelegate - LayoutlibCallback use after dispose
2026-03-04 22:18:21,674 [ 975170]   WARN - #com.android.tools.rendering.LayoutlibCallbackExDelegate - LayoutlibCallback use after dispose
2026-03-04 22:18:21,674 [ 975170]   WARN - #com.android.tools.rendering.LayoutlibCallbackExDelegate - LayoutlibCallback use after dispose
2026-03-04 22:18:21,674 [ 975170]   WARN - #com.android.tools.rendering.LayoutlibCallbackExDelegate - LayoutlibCallback use after dispose
2026-03-04 22:18:21,674 [ 975170]   WARN - #com.android.tools.rendering.LayoutlibCallbackExDelegate - LayoutlibCallback use after dispose
2026-03-04 22:18:21,674 [ 975170]   WARN - #com.android.tools.rendering.LayoutlibCallbackExDelegate - LayoutlibCallback use after dispose
2026-03-04 22:18:21,674 [ 975170]   WARN - #com.android.tools.rendering.LayoutlibCallbackExDelegate - LayoutlibCallback use after dispose
2026-03-04 22:18:21,674 [ 975170]   WARN - #com.android.tools.rendering.LayoutlibCallbackExDelegate - LayoutlibCallback use after dispose
2026-03-04 22:18:21,674 [ 975170]   WARN - #com.android.tools.rendering.LayoutlibCallbackExDelegate - LayoutlibCallback use after dispose
2026-03-04 22:18:21,674 [ 975170]   WARN - #com.android.tools.rendering.LayoutlibCallbackExDelegate - LayoutlibCallback use after dispose
2026-03-04 22:18:21,675 [ 975171]   WARN - #com.android.tools.rendering.LayoutlibCallbackExDelegate - LayoutlibCallback use after dispose
2026-03-04 22:18:21,675 [ 975171]   WARN - #com.android.tools.rendering.LayoutlibCallbackExDelegate - LayoutlibCallback use after dispose
2026-03-04 22:18:21,675 [ 975171]   WARN - #com.android.tools.rendering.LayoutlibCallbackExDelegate - LayoutlibCallback use after dispose
2026-03-04 22:18:21,675 [ 975171]   WARN - #com.android.tools.rendering.LayoutlibCallbackExDelegate - LayoutlibCallback use after dispose
2026-03-04 22:18:21,675 [ 975171]   WARN - #com.android.tools.rendering.LayoutlibCallbackExDelegate - LayoutlibCallback use after dispose
2026-03-04 22:18:21,675 [ 975171]   WARN - #com.android.tools.rendering.LayoutlibCallbackExDelegate - LayoutlibCallback use after dispose
2026-03-04 22:18:21,676 [ 975172]   WARN - #com.android.tools.rendering.LayoutlibCallbackExDelegate - LayoutlibCallback use after dispose
2026-03-04 22:18:21,676 [ 975172]   WARN - #com.android.tools.rendering.LayoutlibCallbackExDelegate - LayoutlibCallback use after dispose
2026-03-04 22:18:21,676 [ 975172]   WARN - #com.android.tools.rendering.LayoutlibCallbackExDelegate - LayoutlibCallback use after dispose
2026-03-04 22:18:21,676 [ 975172]   WARN - #com.android.tools.rendering.LayoutlibCallbackExDelegate - LayoutlibCallback use after dispose
2026-03-04 22:18:21,676 [ 975172]   WARN - #com.android.tools.rendering.LayoutlibCallbackExDelegate - LayoutlibCallback use after dispose
2026-03-04 22:18:21,676 [ 975172]   WARN - #com.android.tools.rendering.LayoutlibCallbackExDelegate - LayoutlibCallback use after dispose
2026-03-04 22:18:43,574 [ 997070]   WARN - #com.android.tools.rendering.LayoutlibCallbackExDelegate - LayoutlibCallback use after dispose
2026-03-04 22:18:43,574 [ 997070]   WARN - #com.android.tools.rendering.LayoutlibCallbackExDelegate - LayoutlibCallback use after dispose
2026-03-04 22:18:43,574 [ 997070]   WARN - #com.android.tools.rendering.LayoutlibCallbackExDelegate - LayoutlibCallback use after dispose
2026-03-04 22:18:43,574 [ 997070]   WARN - #com.android.tools.rendering.LayoutlibCallbackExDelegate - LayoutlibCallback use after dispose
2026-03-04 22:18:43,574 [ 997070]   WARN - #com.android.tools.rendering.LayoutlibCallbackExDelegate - LayoutlibCallback use after dispose
2026-03-04 22:18:43,575 [ 997071]   WARN - #com.android.tools.rendering.LayoutlibCallbackExDelegate - LayoutlibCallback use after dispose
2026-03-04 22:18:43,575 [ 997071]   WARN - #com.android.tools.rendering.LayoutlibCallbackExDelegate - LayoutlibCallback use after dispose
2026-03-04 22:18:43,575 [ 997071]   WARN - #com.android.tools.rendering.LayoutlibCallbackExDelegate - LayoutlibCallback use after dispose
2026-03-04 22:18:43,576 [ 997072]   WARN - #com.android.tools.rendering.LayoutlibCallbackExDelegate - LayoutlibCallback use after dispose
2026-03-04 22:18:43,576 [ 997072]   WARN - #com.android.tools.rendering.LayoutlibCallbackExDelegate - LayoutlibCallback use after dispose
2026-03-04 22:18:43,576 [ 997072]   WARN - #com.android.tools.rendering.LayoutlibCallbackExDelegate - LayoutlibCallback use after dispose
2026-03-04 22:18:43,576 [ 997072]   WARN - #com.android.tools.rendering.LayoutlibCallbackExDelegate - LayoutlibCallback use after dispose
2026-03-04 22:18:43,576 [ 997072]   WARN - #com.android.tools.rendering.LayoutlibCallbackExDelegate - LayoutlibCallback use after dispose
2026-03-04 22:18:43,576 [ 997072]   WARN - #com.android.tools.rendering.LayoutlibCallbackExDelegate - LayoutlibCallback use after dispose
2026-03-04 22:18:43,577 [ 997073]   WARN - #com.android.tools.rendering.LayoutlibCallbackExDelegate - LayoutlibCallback use after dispose
2026-03-04 22:18:43,577 [ 997073]   WARN - #com.android.tools.rendering.LayoutlibCallbackExDelegate - LayoutlibCallback use after dispose
2026-03-04 22:18:43,577 [ 997073]   WARN - #com.android.tools.rendering.LayoutlibCallbackExDelegate - LayoutlibCallback use after dispose
2026-03-04 22:18:43,577 [ 997073]   WARN - #com.android.tools.rendering.LayoutlibCallbackExDelegate - LayoutlibCallback use after dispose
2026-03-04 22:18:43,577 [ 997073]   WARN - #com.android.tools.rendering.LayoutlibCallbackExDelegate - LayoutlibCallback use after dispose
2026-03-04 22:18:43,579 [ 997075]   WARN - #com.android.tools.rendering.LayoutlibCallbackExDelegate - LayoutlibCallback use after dispose
2026-03-04 22:18:43,579 [ 997075]   WARN - #com.android.tools.rendering.LayoutlibCallbackExDelegate - LayoutlibCallback use after dispose
2026-03-04 22:18:43,579 [ 997075]   WARN - #com.android.tools.rendering.LayoutlibCallbackExDelegate - LayoutlibCallback use after dispose
2026-03-04 22:18:43,579 [ 997075]   WARN - #com.android.tools.rendering.LayoutlibCallbackExDelegate - LayoutlibCallback use after dispose
2026-03-04 22:18:43,579 [ 997075]   WARN - #com.android.tools.rendering.LayoutlibCallbackExDelegate - LayoutlibCallback use after dispose
2026-03-04 22:18:43,579 [ 997075]   WARN - #com.android.tools.rendering.LayoutlibCallbackExDelegate - LayoutlibCallback use after dispose
2026-03-04 22:18:44,545 [ 998041]   WARN - #com.android.tools.rendering.LayoutlibCallbackExDelegate - LayoutlibCallback use after dispose
2026-03-04 22:18:44,545 [ 998041]   WARN - #com.android.tools.rendering.LayoutlibCallbackExDelegate - LayoutlibCallback use after dispose
2026-03-04 22:18:44,545 [ 998041]   WARN - #com.android.tools.rendering.LayoutlibCallbackExDelegate - LayoutlibCallback use after dispose
2026-03-04 22:18:44,545 [ 998041]   WARN - #com.android.tools.rendering.LayoutlibCallbackExDelegate - LayoutlibCallback use after dispose
2026-03-04 22:18:44,545 [ 998041]   WARN - #com.android.tools.rendering.LayoutlibCallbackExDelegate - LayoutlibCallback use after dispose
2026-03-04 22:18:44,545 [ 998041]   WARN - #com.android.tools.rendering.LayoutlibCallbackExDelegate - LayoutlibCallback use after dispose
2026-03-04 22:18:44,545 [ 998041]   WARN - #com.android.tools.rendering.LayoutlibCallbackExDelegate - LayoutlibCallback use after dispose
2026-03-04 22:18:44,546 [ 998042]   WARN - #com.android.tools.rendering.LayoutlibCallbackExDelegate - LayoutlibCallback use after dispose
2026-03-04 22:18:44,547 [ 998043]   WARN - #com.android.tools.rendering.LayoutlibCallbackExDelegate - LayoutlibCallback use after dispose
2026-03-04 22:18:44,547 [ 998043]   WARN - #com.android.tools.rendering.LayoutlibCallbackExDelegate - LayoutlibCallback use after dispose
2026-03-04 22:18:44,547 [ 998043]   WARN - #com.android.tools.rendering.LayoutlibCallbackExDelegate - LayoutlibCallback use after dispose
2026-03-04 22:18:44,547 [ 998043]   WARN - #com.android.tools.rendering.LayoutlibCallbackExDelegate - LayoutlibCallback use after dispose
2026-03-04 22:18:44,547 [ 998043]   WARN - #com.android.tools.rendering.LayoutlibCallbackExDelegate - LayoutlibCallback use after dispose
2026-03-04 22:18:44,547 [ 998043]   WARN - #com.android.tools.rendering.LayoutlibCallbackExDelegate - LayoutlibCallback use after dispose
2026-03-04 22:18:44,547 [ 998043]   WARN - #com.android.tools.rendering.LayoutlibCallbackExDelegate - LayoutlibCallback use after dispose
2026-03-04 22:18:44,548 [ 998044]   WARN - #com.android.tools.rendering.LayoutlibCallbackExDelegate - LayoutlibCallback use after dispose
2026-03-04 22:18:44,548 [ 998044]   WARN - #com.android.tools.rendering.LayoutlibCallbackExDelegate - LayoutlibCallback use after dispose
2026-03-04 22:18:44,548 [ 998044]   WARN - #com.android.tools.rendering.LayoutlibCallbackExDelegate - LayoutlibCallback use after dispose
2026-03-04 22:18:44,548 [ 998044]   WARN - #com.android.tools.rendering.LayoutlibCallbackExDelegate - LayoutlibCallback use after dispose
2026-03-04 22:18:44,548 [ 998044]   WARN - #com.android.tools.rendering.LayoutlibCallbackExDelegate - LayoutlibCallback use after dispose
2026-03-04 22:18:44,548 [ 998044]   WARN - #com.android.tools.rendering.LayoutlibCallbackExDelegate - LayoutlibCallback use after dispose
2026-03-04 22:18:44,548 [ 998044]   WARN - #com.android.tools.rendering.LayoutlibCallbackExDelegate - LayoutlibCallback use after dispose
2026-03-04 22:18:44,549 [ 998045]   WARN - #com.android.tools.rendering.LayoutlibCallbackExDelegate - LayoutlibCallback use after dispose
2026-03-04 22:18:44,549 [ 998045]   WARN - #com.android.tools.rendering.LayoutlibCallbackExDelegate - LayoutlibCallback use after dispose
2026-03-04 22:18:44,549 [ 998045]   WARN - #com.android.tools.rendering.LayoutlibCallbackExDelegate - LayoutlibCallback use after dispose
2026-03-04 22:18:45,555 [ 999051]   WARN - #com.android.tools.rendering.LayoutlibCallbackExDelegate - LayoutlibCallback use after dispose
2026-03-04 22:18:45,555 [ 999051]   WARN - #com.android.tools.rendering.LayoutlibCallbackExDelegate - LayoutlibCallback use after dispose
2026-03-04 22:18:45,555 [ 999051]   WARN - #com.android.tools.rendering.LayoutlibCallbackExDelegate - LayoutlibCallback use after dispose
2026-03-04 22:18:45,557 [ 999053]   WARN - #com.android.tools.rendering.LayoutlibCallbackExDelegate - LayoutlibCallback use after dispose
2026-03-04 22:18:45,557 [ 999053]   WARN - #com.android.tools.rendering.LayoutlibCallbackExDelegate - LayoutlibCallback use after dispose
2026-03-04 22:18:45,557 [ 999053]   WARN - #com.android.tools.rendering.LayoutlibCallbackExDelegate - LayoutlibCallback use after dispose
2026-03-04 22:18:45,557 [ 999053]   WARN - #com.android.tools.rendering.LayoutlibCallbackExDelegate - LayoutlibCallback use after dispose
2026-03-04 22:18:45,557 [ 999053]   WARN - #com.android.tools.rendering.LayoutlibCallbackExDelegate - LayoutlibCallback use after dispose
2026-03-04 22:18:45,558 [ 999054]   WARN - #com.android.tools.rendering.LayoutlibCallbackExDelegate - LayoutlibCallback use after dispose
2026-03-04 22:18:45,558 [ 999054]   WARN - #com.android.tools.rendering.LayoutlibCallbackExDelegate - LayoutlibCallback use after dispose
2026-03-04 22:18:45,558 [ 999054]   WARN - #com.android.tools.rendering.LayoutlibCallbackExDelegate - LayoutlibCallback use after dispose
2026-03-04 22:18:45,558 [ 999054]   WARN - #com.android.tools.rendering.LayoutlibCallbackExDelegate - LayoutlibCallback use after dispose
2026-03-04 22:18:45,558 [ 999054]   WARN - #com.android.tools.rendering.LayoutlibCallbackExDelegate - LayoutlibCallback use after dispose
2026-03-04 22:18:45,558 [ 999054]   WARN - #com.android.tools.rendering.LayoutlibCallbackExDelegate - LayoutlibCallback use after dispose
2026-03-04 22:18:45,558 [ 999054]   WARN - #com.android.tools.rendering.LayoutlibCallbackExDelegate - LayoutlibCallback use after dispose
2026-03-04 22:18:45,559 [ 999055]   WARN - #com.android.tools.rendering.LayoutlibCallbackExDelegate - LayoutlibCallback use after dispose
2026-03-04 22:18:45,559 [ 999055]   WARN - #com.android.tools.rendering.LayoutlibCallbackExDelegate - LayoutlibCallback use after dispose
2026-03-04 22:18:45,559 [ 999055]   WARN - #com.android.tools.rendering.LayoutlibCallbackExDelegate - LayoutlibCallback use after dispose
2026-03-04 22:18:45,559 [ 999055]   WARN - #com.android.tools.rendering.LayoutlibCallbackExDelegate - LayoutlibCallback use after dispose
2026-03-04 22:18:45,559 [ 999055]   WARN - #com.android.tools.rendering.LayoutlibCallbackExDelegate - LayoutlibCallback use after dispose
2026-03-04 22:18:45,560 [ 999056]   WARN - #com.android.tools.rendering.LayoutlibCallbackExDelegate - LayoutlibCallback use after dispose
2026-03-04 22:18:45,560 [ 999056]   WARN - #com.android.tools.rendering.LayoutlibCallbackExDelegate - LayoutlibCallback use after dispose
2026-03-04 22:18:45,560 [ 999056]   WARN - #com.android.tools.rendering.LayoutlibCallbackExDelegate - LayoutlibCallback use after dispose
2026-03-04 22:18:45,560 [ 999056]   WARN - #com.android.tools.rendering.LayoutlibCallbackExDelegate - LayoutlibCallback use after dispose
2026-03-04 22:18:45,560 [ 999056]   WARN - #com.android.tools.rendering.LayoutlibCallbackExDelegate - LayoutlibCallback use after dispose
2026-03-04 22:18:48,707 [1002203]   WARN - #com.android.tools.rendering.LayoutlibCallbackExDelegate - LayoutlibCallback use after dispose
2026-03-04 22:18:48,707 [1002203]   WARN - #com.android.tools.rendering.LayoutlibCallbackExDelegate - LayoutlibCallback use after dispose
2026-03-04 22:18:48,708 [1002204]   WARN - #com.android.tools.rendering.LayoutlibCallbackExDelegate - LayoutlibCallback use after dispose
2026-03-04 22:18:48,708 [1002204]   WARN - #com.android.tools.rendering.LayoutlibCallbackExDelegate - LayoutlibCallback use after dispose
2026-03-04 22:18:48,708 [1002204]   WARN - #com.android.tools.rendering.LayoutlibCallbackExDelegate - LayoutlibCallback use after dispose
2026-03-04 22:18:48,709 [1002205]   WARN - #com.android.tools.rendering.LayoutlibCallbackExDelegate - LayoutlibCallback use after dispose
2026-03-04 22:18:48,709 [1002205]   WARN - #com.android.tools.rendering.LayoutlibCallbackExDelegate - LayoutlibCallback use after dispose
2026-03-04 22:18:48,709 [1002205]   WARN - #com.android.tools.rendering.LayoutlibCallbackExDelegate - LayoutlibCallback use after dispose
2026-03-04 22:18:48,709 [1002205]   WARN - #com.android.tools.rendering.LayoutlibCallbackExDelegate - LayoutlibCallback use after dispose
2026-03-04 22:18:48,709 [1002205]   WARN - #com.android.tools.rendering.LayoutlibCallbackExDelegate - LayoutlibCallback use after dispose
2026-03-04 22:18:48,710 [1002206]   WARN - #com.android.tools.rendering.LayoutlibCallbackExDelegate - LayoutlibCallback use after dispose
2026-03-04 22:18:48,710 [1002206]   WARN - #com.android.tools.rendering.LayoutlibCallbackExDelegate - LayoutlibCallback use after dispose
2026-03-04 22:18:48,710 [1002206]   WARN - #com.android.tools.rendering.LayoutlibCallbackExDelegate - LayoutlibCallback use after dispose
2026-03-04 22:18:48,710 [1002206]   WARN - #com.android.tools.rendering.LayoutlibCallbackExDelegate - LayoutlibCallback use after dispose
2026-03-04 22:18:48,710 [1002206]   WARN - #com.android.tools.rendering.LayoutlibCallbackExDelegate - LayoutlibCallback use after dispose
2026-03-04 22:18:48,710 [1002206]   WARN - #com.android.tools.rendering.LayoutlibCallbackExDelegate - LayoutlibCallback use after dispose
2026-03-04 22:18:48,710 [1002206]   WARN - #com.android.tools.rendering.LayoutlibCallbackExDelegate - LayoutlibCallback use after dispose
2026-03-04 22:18:48,711 [1002207]   WARN - #com.android.tools.rendering.LayoutlibCallbackExDelegate - LayoutlibCallback use after dispose
2026-03-04 22:18:48,711 [1002207]   WARN - #com.android.tools.rendering.LayoutlibCallbackExDelegate - LayoutlibCallback use after dispose
2026-03-04 22:18:48,711 [1002207]   WARN - #com.android.tools.rendering.LayoutlibCallbackExDelegate - LayoutlibCallback use after dispose
2026-03-04 22:18:48,711 [1002207]   WARN - #com.android.tools.rendering.LayoutlibCallbackExDelegate - LayoutlibCallback use after dispose
2026-03-04 22:18:48,712 [1002208]   WARN - #com.android.tools.rendering.LayoutlibCallbackExDelegate - LayoutlibCallback use after dispose
2026-03-04 22:18:48,712 [1002208]   WARN - #com.android.tools.rendering.LayoutlibCallbackExDelegate - LayoutlibCallback use after dispose
2026-03-04 22:18:48,712 [1002208]   WARN - #com.android.tools.rendering.LayoutlibCallbackExDelegate - LayoutlibCallback use after dispose
2026-03-04 22:18:48,712 [1002208]   WARN - #com.android.tools.rendering.LayoutlibCallbackExDelegate - LayoutlibCallback use after dispose
2026-03-04 22:18:48,712 [1002208]   WARN - #com.android.tools.rendering.LayoutlibCallbackExDelegate - LayoutlibCallback use after dispose
2026-03-04 22:18:48,712 [1002208]   WARN - #com.android.tools.rendering.LayoutlibCallbackExDelegate - LayoutlibCallback use after dispose
2026-03-04 22:18:54,003 [1007499]   WARN - #com.android.tools.rendering.LayoutlibCallbackExDelegate - LayoutlibCallback use after dispose
2026-03-04 22:18:54,003 [1007499]   WARN - #com.android.tools.rendering.LayoutlibCallbackExDelegate - LayoutlibCallback use after dispose
2026-03-04 22:18:54,003 [1007499]   WARN - #com.android.tools.rendering.LayoutlibCallbackExDelegate - LayoutlibCallback use after dispose
2026-03-04 22:18:54,003 [1007499]   WARN - #com.android.tools.rendering.LayoutlibCallbackExDelegate - LayoutlibCallback use after dispose
2026-03-04 22:18:54,003 [1007499]   WARN - #com.android.tools.rendering.LayoutlibCallbackExDelegate - LayoutlibCallback use after dispose
2026-03-04 22:18:54,003 [1007499]   WARN - #com.android.tools.rendering.LayoutlibCallbackExDelegate - LayoutlibCallback use after dispose
2026-03-04 22:18:54,003 [1007499]   WARN - #com.android.tools.rendering.LayoutlibCallbackExDelegate - LayoutlibCallback use after dispose
2026-03-04 22:18:54,003 [1007499]   WARN - #com.android.tools.rendering.LayoutlibCallbackExDelegate - LayoutlibCallback use after dispose
2026-03-04 22:18:54,003 [1007499]   WARN - #com.android.tools.rendering.LayoutlibCallbackExDelegate - LayoutlibCallback use after dispose
2026-03-04 22:18:54,003 [1007499]   WARN - #com.android.tools.rendering.LayoutlibCallbackExDelegate - LayoutlibCallback use after dispose
2026-03-04 22:18:54,003 [1007499]   WARN - #com.android.tools.rendering.LayoutlibCallbackExDelegate - LayoutlibCallback use after dispose
2026-03-04 22:18:54,003 [1007499]   WARN - #com.android.tools.rendering.LayoutlibCallbackExDelegate - LayoutlibCallback use after dispose
2026-03-04 22:18:54,003 [1007499]   WARN - #com.android.tools.rendering.LayoutlibCallbackExDelegate - LayoutlibCallback use after dispose
2026-03-04 22:18:54,003 [1007499]   WARN - #com.android.tools.rendering.LayoutlibCallbackExDelegate - LayoutlibCallback use after dispose
2026-03-04 22:18:54,004 [1007500]   WARN - #com.android.tools.rendering.LayoutlibCallbackExDelegate - LayoutlibCallback use after dispose
2026-03-04 22:18:54,004 [1007500]   WARN - #com.android.tools.rendering.LayoutlibCallbackExDelegate - LayoutlibCallback use after dispose
2026-03-04 22:18:54,004 [1007500]   WARN - #com.android.tools.rendering.LayoutlibCallbackExDelegate - LayoutlibCallback use after dispose
2026-03-04 22:18:54,004 [1007500]   WARN - #com.android.tools.rendering.LayoutlibCallbackExDelegate - LayoutlibCallback use after dispose
2026-03-04 22:18:54,004 [1007500]   WARN - #com.android.tools.rendering.LayoutlibCallbackExDelegate - LayoutlibCallback use after dispose
2026-03-04 22:18:54,004 [1007500]   WARN - #com.android.tools.rendering.LayoutlibCallbackExDelegate - LayoutlibCallback use after dispose
2026-03-04 22:18:54,004 [1007500]   WARN - #com.android.tools.rendering.LayoutlibCallbackExDelegate - LayoutlibCallback use after dispose
2026-03-04 22:18:54,004 [1007500]   WARN - #com.android.tools.rendering.LayoutlibCallbackExDelegate - LayoutlibCallback use after dispose
2026-03-04 22:18:54,004 [1007500]   WARN - #com.android.tools.rendering.LayoutlibCallbackExDelegate - LayoutlibCallback use after dispose
2026-03-04 22:18:54,004 [1007500]   WARN - #com.android.tools.rendering.LayoutlibCallbackExDelegate - LayoutlibCallback use after dispose
2026-03-04 22:18:54,004 [1007500]   WARN - #com.android.tools.rendering.LayoutlibCallbackExDelegate - LayoutlibCallback use after dispose
2026-03-04 22:18:54,004 [1007500]   WARN - #com.android.tools.rendering.LayoutlibCallbackExDelegate - LayoutlibCallback use after dispose
2026-03-04 22:18:54,004 [1007500]   WARN - #com.android.tools.rendering.LayoutlibCallbackExDelegate - LayoutlibCallback use after dispose
2026-03-04 22:18:54,004 [1007500]   WARN - #com.android.tools.rendering.LayoutlibCallbackExDelegate - LayoutlibCallback use after dispose
2026-03-04 22:18:54,004 [1007500]   WARN - #com.android.tools.rendering.LayoutlibCallbackExDelegate - LayoutlibCallback use after dispose
2026-03-04 22:18:54,004 [1007500]   WARN - #com.android.tools.rendering.LayoutlibCallbackExDelegate - LayoutlibCallback use after dispose
2026-03-04 22:18:54,004 [1007500]   WARN - #com.android.tools.rendering.LayoutlibCallbackExDelegate - LayoutlibCallback use after dispose
2026-03-04 22:18:54,004 [1007500]   WARN - #com.android.tools.rendering.LayoutlibCallbackExDelegate - LayoutlibCallback use after dispose
2026-03-04 22:18:54,004 [1007500]   WARN - #com.android.tools.rendering.LayoutlibCallbackExDelegate - LayoutlibCallback use after dispose
2026-03-04 22:18:54,004 [1007500]   WARN - #com.android.tools.rendering.LayoutlibCallbackExDelegate - LayoutlibCallback use after dispose
2026-03-04 22:18:54,004 [1007500]   WARN - #com.android.tools.rendering.LayoutlibCallbackExDelegate - LayoutlibCallback use after dispose
2026-03-04 22:18:54,004 [1007500]   WARN - #com.android.tools.rendering.LayoutlibCallbackExDelegate - LayoutlibCallback use after dispose
2026-03-04 22:18:54,004 [1007500]   WARN - #com.android.tools.rendering.LayoutlibCallbackExDelegate - LayoutlibCallback use after dispose
2026-03-04 22:18:54,004 [1007500]   WARN - #com.android.tools.rendering.LayoutlibCallbackExDelegate - LayoutlibCallback use after dispose
2026-03-04 22:18:54,004 [1007500]   WARN - #com.android.tools.rendering.LayoutlibCallbackExDelegate - LayoutlibCallback use after dispose
2026-03-04 22:18:54,004 [1007500]   WARN - #com.android.tools.rendering.LayoutlibCallbackExDelegate - LayoutlibCallback use after dispose
2026-03-04 22:18:54,004 [1007500]   WARN - #com.android.tools.rendering.LayoutlibCallbackExDelegate - LayoutlibCallback use after dispose
2026-03-04 22:18:54,004 [1007500]   WARN - #com.android.tools.rendering.LayoutlibCallbackExDelegate - LayoutlibCallback use after dispose
2026-03-04 22:18:54,004 [1007500]   WARN - #com.android.tools.rendering.LayoutlibCallbackExDelegate - LayoutlibCallback use after dispose
2026-03-04 22:18:54,004 [1007500]   WARN - #com.android.tools.rendering.LayoutlibCallbackExDelegate - LayoutlibCallback use after dispose
2026-03-04 22:18:54,004 [1007500]   WARN - #com.android.tools.rendering.LayoutlibCallbackExDelegate - LayoutlibCallback use after dispose
2026-03-04 22:18:54,004 [1007500]   WARN - #com.android.tools.rendering.LayoutlibCallbackExDelegate - LayoutlibCallback use after dispose
2026-03-04 22:18:54,004 [1007500]   WARN - #com.android.tools.rendering.LayoutlibCallbackExDelegate - LayoutlibCallback use after dispose
2026-03-04 22:18:54,004 [1007500]   WARN - #com.android.tools.rendering.LayoutlibCallbackExDelegate - LayoutlibCallback use after dispose
2026-03-04 22:18:54,004 [1007500]   WARN - #com.android.tools.rendering.LayoutlibCallbackExDelegate - LayoutlibCallback use after dispose
2026-03-04 22:18:54,004 [1007500]   WARN - #com.android.tools.rendering.LayoutlibCallbackExDelegate - LayoutlibCallback use after dispose
2026-03-04 22:18:54,004 [1007500]   WARN - #com.android.tools.rendering.LayoutlibCallbackExDelegate - LayoutlibCallback use after dispose
2026-03-04 22:18:54,004 [1007500]   WARN - #com.android.tools.rendering.LayoutlibCallbackExDelegate - LayoutlibCallback use after dispose
2026-03-04 22:18:54,004 [1007500]   WARN - #com.android.tools.rendering.LayoutlibCallbackExDelegate - LayoutlibCallback use after dispose
2026-03-04 22:18:54,004 [1007500]   WARN - #com.android.tools.rendering.LayoutlibCallbackExDelegate - LayoutlibCallback use after dispose
2026-03-04 22:18:54,004 [1007500]   WARN - #com.android.tools.rendering.LayoutlibCallbackExDelegate - LayoutlibCallback use after dispose
2026-03-04 22:18:54,004 [1007500]   WARN - #com.android.tools.rendering.LayoutlibCallbackExDelegate - LayoutlibCallback use after dispose
2026-03-04 22:18:54,004 [1007500]   WARN - #com.android.tools.rendering.LayoutlibCallbackExDelegate - LayoutlibCallback use after dispose
2026-03-04 22:18:54,004 [1007500]   WARN - #com.android.tools.rendering.LayoutlibCallbackExDelegate - LayoutlibCallback use after dispose
2026-03-04 22:18:54,004 [1007500]   WARN - #com.android.tools.rendering.LayoutlibCallbackExDelegate - LayoutlibCallback use after dispose
2026-03-04 22:18:54,004 [1007500]   WARN - #com.android.tools.rendering.LayoutlibCallbackExDelegate - LayoutlibCallback use after dispose
2026-03-04 22:18:54,004 [1007500]   WARN - #com.android.tools.rendering.LayoutlibCallbackExDelegate - LayoutlibCallback use after dispose
2026-03-04 22:18:54,004 [1007500]   WARN - #com.android.tools.rendering.LayoutlibCallbackExDelegate - LayoutlibCallback use after dispose
2026-03-04 22:18:54,004 [1007500]   WARN - #com.android.tools.rendering.LayoutlibCallbackExDelegate - LayoutlibCallback use after dispose
2026-03-04 22:18:54,004 [1007500]   WARN - #com.android.tools.rendering.LayoutlibCallbackExDelegate - LayoutlibCallback use after dispose
2026-03-04 22:18:54,004 [1007500]   WARN - #com.android.tools.rendering.LayoutlibCallbackExDelegate - LayoutlibCallback use after dispose
2026-03-04 22:18:54,004 [1007500]   WARN - #com.android.tools.rendering.LayoutlibCallbackExDelegate - LayoutlibCallback use after dispose
2026-03-04 22:18:54,004 [1007500]   WARN - #com.android.tools.rendering.LayoutlibCallbackExDelegate - LayoutlibCallback use after dispose
2026-03-04 22:18:54,004 [1007500]   WARN - #com.android.tools.rendering.LayoutlibCallbackExDelegate - LayoutlibCallback use after dispose
2026-03-04 22:18:54,004 [1007500]   WARN - #com.android.tools.rendering.LayoutlibCallbackExDelegate - LayoutlibCallback use after dispose
2026-03-04 22:18:54,004 [1007500]   WARN - #com.android.tools.rendering.LayoutlibCallbackExDelegate - LayoutlibCallback use after dispose
2026-03-04 22:18:54,004 [1007500]   WARN - #com.android.tools.rendering.LayoutlibCallbackExDelegate - LayoutlibCallback use after dispose
2026-03-04 22:18:54,004 [1007500]   WARN - #com.android.tools.rendering.LayoutlibCallbackExDelegate - LayoutlibCallback use after dispose
2026-03-04 22:18:54,004 [1007500]   WARN - #com.android.tools.rendering.LayoutlibCallbackExDelegate - LayoutlibCallback use after dispose
2026-03-04 22:18:54,004 [1007500]   WARN - #com.android.tools.rendering.LayoutlibCallbackExDelegate - LayoutlibCallback use after dispose
2026-03-04 22:18:54,004 [1007500]   WARN - #com.android.tools.rendering.LayoutlibCallbackExDelegate - LayoutlibCallback use after dispose
2026-03-04 22:18:54,004 [1007500]   WARN - #com.android.tools.rendering.LayoutlibCallbackExDelegate - LayoutlibCallback use after dispose
2026-03-04 22:18:54,004 [1007500]   WARN - #com.android.tools.rendering.LayoutlibCallbackExDelegate - LayoutlibCallback use after dispose
2026-03-04 22:18:54,004 [1007500]   WARN - #com.android.tools.rendering.LayoutlibCallbackExDelegate - LayoutlibCallback use after dispose
2026-03-04 22:18:54,004 [1007500]   WARN - #com.android.tools.rendering.LayoutlibCallbackExDelegate - LayoutlibCallback use after dispose
2026-03-04 22:18:54,004 [1007500]   WARN - #com.android.tools.rendering.LayoutlibCallbackExDelegate - LayoutlibCallback use after dispose
2026-03-04 22:18:54,004 [1007500]   WARN - #com.android.tools.rendering.LayoutlibCallbackExDelegate - LayoutlibCallback use after dispose
2026-03-04 22:18:54,004 [1007500]   WARN - #com.android.tools.rendering.LayoutlibCallbackExDelegate - LayoutlibCallback use after dispose
2026-03-04 22:18:54,004 [1007500]   WARN - #com.android.tools.rendering.LayoutlibCallbackExDelegate - LayoutlibCallback use after dispose
2026-03-04 22:18:54,004 [1007500]   WARN - #com.android.tools.rendering.LayoutlibCallbackExDelegate - LayoutlibCallback use after dispose
2026-03-04 22:18:54,004 [1007500]   WARN - #com.android.tools.rendering.LayoutlibCallbackExDelegate - LayoutlibCallback use after dispose
2026-03-04 22:18:54,004 [1007500]   WARN - #com.android.tools.rendering.LayoutlibCallbackExDelegate - LayoutlibCallback use after dispose
2026-03-04 22:18:54,004 [1007500]   WARN - #com.android.tools.rendering.LayoutlibCallbackExDelegate - LayoutlibCallback use after dispose
2026-03-04 22:18:54,004 [1007500]   WARN - #com.android.tools.rendering.LayoutlibCallbackExDelegate - LayoutlibCallback use after dispose
2026-03-04 22:18:54,005 [1007501]   WARN - #com.android.tools.rendering.LayoutlibCallbackExDelegate - LayoutlibCallback use after dispose
2026-03-04 22:18:54,005 [1007501]   WARN - #com.android.tools.rendering.LayoutlibCallbackExDelegate - LayoutlibCallback use after dispose
2026-03-04 22:18:54,005 [1007501]   WARN - #com.android.tools.rendering.LayoutlibCallbackExDelegate - LayoutlibCallback use after dispose
2026-03-04 22:18:54,005 [1007501]   WARN - #com.android.tools.rendering.LayoutlibCallbackExDelegate - LayoutlibCallback use after dispose
2026-03-04 22:18:54,005 [1007501]   WARN - #com.android.tools.rendering.LayoutlibCallbackExDelegate - LayoutlibCallback use after dispose
2026-03-04 22:18:54,005 [1007501]   WARN - #com.android.tools.rendering.LayoutlibCallbackExDelegate - LayoutlibCallback use after dispose
2026-03-04 22:18:54,005 [1007501]   WARN - #com.android.tools.rendering.LayoutlibCallbackExDelegate - LayoutlibCallback use after dispose
2026-03-04 22:18:54,005 [1007501]   WARN - #com.android.tools.rendering.LayoutlibCallbackExDelegate - LayoutlibCallback use after dispose
2026-03-04 22:18:54,005 [1007501]   WARN - #com.android.tools.rendering.LayoutlibCallbackExDelegate - LayoutlibCallback use after dispose
2026-03-04 22:18:54,005 [1007501]   WARN - #com.android.tools.rendering.LayoutlibCallbackExDelegate - LayoutlibCallback use after dispose
2026-03-04 22:18:54,005 [1007501]   WARN - #com.android.tools.rendering.LayoutlibCallbackExDelegate - LayoutlibCallback use after dispose
2026-03-04 22:18:54,005 [1007501]   WARN - #com.android.tools.rendering.LayoutlibCallbackExDelegate - LayoutlibCallback use after dispose
2026-03-04 22:18:54,005 [1007501]   WARN - #com.android.tools.rendering.LayoutlibCallbackExDelegate - LayoutlibCallback use after dispose
2026-03-04 22:18:54,005 [1007501]   WARN - #com.android.tools.rendering.LayoutlibCallbackExDelegate - LayoutlibCallback use after dispose
2026-03-04 22:18:54,005 [1007501]   WARN - #com.android.tools.rendering.LayoutlibCallbackExDelegate - LayoutlibCallback use after dispose
2026-03-04 22:18:54,005 [1007501]   WARN - #com.android.tools.rendering.LayoutlibCallbackExDelegate - LayoutlibCallback use after dispose
2026-03-04 22:18:54,005 [1007501]   WARN - #com.android.tools.rendering.LayoutlibCallbackExDelegate - LayoutlibCallback use after dispose
2026-03-04 22:18:54,005 [1007501]   WARN - #com.android.tools.rendering.LayoutlibCallbackExDelegate - LayoutlibCallback use after dispose
2026-03-04 22:18:54,005 [1007501]   WARN - #com.android.tools.rendering.LayoutlibCallbackExDelegate - LayoutlibCallback use after dispose
2026-03-04 22:18:54,005 [1007501]   WARN - #com.android.tools.rendering.LayoutlibCallbackExDelegate - LayoutlibCallback use after dispose
2026-03-04 22:18:54,005 [1007501]   WARN - #com.android.tools.rendering.LayoutlibCallbackExDelegate - LayoutlibCallback use after dispose
2026-03-04 22:18:54,005 [1007501]   WARN - #com.android.tools.rendering.LayoutlibCallbackExDelegate - LayoutlibCallback use after dispose
2026-03-04 22:18:54,005 [1007501]   WARN - #com.android.tools.rendering.LayoutlibCallbackExDelegate - LayoutlibCallback use after dispose
2026-03-04 22:18:54,005 [1007501]   WARN - #com.android.tools.rendering.LayoutlibCallbackExDelegate - LayoutlibCallback use after dispose
2026-03-04 22:18:54,005 [1007501]   WARN - #com.android.tools.rendering.LayoutlibCallbackExDelegate - LayoutlibCallback use after dispose
2026-03-04 22:18:54,005 [1007501]   WARN - #com.android.tools.rendering.LayoutlibCallbackExDelegate - LayoutlibCallback use after dispose
2026-03-04 22:18:54,005 [1007501]   WARN - #com.android.tools.rendering.LayoutlibCallbackExDelegate - LayoutlibCallback use after dispose
2026-03-04 22:18:54,005 [1007501]   WARN - #com.android.tools.rendering.LayoutlibCallbackExDelegate - LayoutlibCallback use after dispose
2026-03-04 22:18:54,005 [1007501]   WARN - #com.android.tools.rendering.LayoutlibCallbackExDelegate - LayoutlibCallback use after dispose
2026-03-04 22:18:54,005 [1007501]   WARN - #com.android.tools.rendering.LayoutlibCallbackExDelegate - LayoutlibCallback use after dispose
2026-03-04 22:18:54,005 [1007501]   WARN - #com.android.tools.rendering.LayoutlibCallbackExDelegate - LayoutlibCallback use after dispose
2026-03-04 22:18:54,005 [1007501]   WARN - #com.android.tools.rendering.LayoutlibCallbackExDelegate - LayoutlibCallback use after dispose
2026-03-04 22:18:54,005 [1007501]   WARN - #com.android.tools.rendering.LayoutlibCallbackExDelegate - LayoutlibCallback use after dispose
2026-03-04 22:18:54,005 [1007501]   WARN - #com.android.tools.rendering.LayoutlibCallbackExDelegate - LayoutlibCallback use after dispose
2026-03-04 22:18:54,005 [1007501]   WARN - #com.android.tools.rendering.LayoutlibCallbackExDelegate - LayoutlibCallback use after dispose
2026-03-04 22:18:54,005 [1007501]   WARN - #com.android.tools.rendering.LayoutlibCallbackExDelegate - LayoutlibCallback use after dispose
2026-03-04 22:18:54,005 [1007501]   WARN - #com.android.tools.rendering.LayoutlibCallbackExDelegate - LayoutlibCallback use after dispose
2026-03-04 22:18:54,005 [1007501]   WARN - #com.android.tools.rendering.LayoutlibCallbackExDelegate - LayoutlibCallback use after dispose
2026-03-04 22:18:54,005 [1007501]   WARN - #com.android.tools.rendering.LayoutlibCallbackExDelegate - LayoutlibCallback use after dispose
2026-03-04 22:18:54,005 [1007501]   WARN - #com.android.tools.rendering.LayoutlibCallbackExDelegate - LayoutlibCallback use after dispose
2026-03-04 22:18:54,005 [1007501]   WARN - #com.android.tools.rendering.LayoutlibCallbackExDelegate - LayoutlibCallback use after dispose
2026-03-04 22:18:54,005 [1007501]   WARN - #com.android.tools.rendering.LayoutlibCallbackExDelegate - LayoutlibCallback use after dispose
2026-03-04 22:18:54,005 [1007501]   WARN - #com.android.tools.rendering.LayoutlibCallbackExDelegate - LayoutlibCallback use after dispose
2026-03-04 22:18:54,005 [1007501]   WARN - #com.android.tools.rendering.LayoutlibCallbackExDelegate - LayoutlibCallback use after dispose
2026-03-04 22:18:54,005 [1007501]   WARN - #com.android.tools.rendering.LayoutlibCallbackExDelegate - LayoutlibCallback use after dispose
2026-03-04 22:18:54,005 [1007501]   WARN - #com.android.tools.rendering.LayoutlibCallbackExDelegate - LayoutlibCallback use after dispose
2026-03-04 22:18:54,005 [1007501]   WARN - #com.android.tools.rendering.LayoutlibCallbackExDelegate - LayoutlibCallback use after dispose
2026-03-04 22:18:54,005 [1007501]   WARN - #com.android.tools.rendering.LayoutlibCallbackExDelegate - LayoutlibCallback use after dispose
2026-03-04 22:18:54,005 [1007501]   WARN - #com.android.tools.rendering.LayoutlibCallbackExDelegate - LayoutlibCallback use after dispose
2026-03-04 22:18:54,005 [1007501]   WARN - #com.android.tools.rendering.LayoutlibCallbackExDelegate - LayoutlibCallback use after dispose
2026-03-04 22:18:54,005 [1007501]   WARN - #com.android.tools.rendering.LayoutlibCallbackExDelegate - LayoutlibCallback use after dispose
2026-03-04 22:18:54,005 [1007501]   WARN - #com.android.tools.rendering.LayoutlibCallbackExDelegate - LayoutlibCallback use after dispose
2026-03-04 22:18:54,005 [1007501]   WARN - #com.android.tools.rendering.LayoutlibCallbackExDelegate - LayoutlibCallback use after dispose
2026-03-04 22:18:54,005 [1007501]   WARN - #com.android.tools.rendering.LayoutlibCallbackExDelegate - LayoutlibCallback use after dispose
2026-03-04 22:18:54,005 [1007501]   WARN - #com.android.tools.rendering.LayoutlibCallbackExDelegate - LayoutlibCallback use after dispose
2026-03-04 22:18:54,005 [1007501]   WARN - #com.android.tools.rendering.LayoutlibCallbackExDelegate - LayoutlibCallback use after dispose
2026-03-04 22:18:54,005 [1007501]   WARN - #com.android.tools.rendering.LayoutlibCallbackExDelegate - LayoutlibCallback use after dispose
2026-03-04 22:18:54,005 [1007501]   WARN - #com.android.tools.rendering.LayoutlibCallbackExDelegate - LayoutlibCallback use after dispose
2026-03-04 22:18:54,005 [1007501]   WARN - #com.android.tools.rendering.LayoutlibCallbackExDelegate - LayoutlibCallback use after dispose
2026-03-04 22:18:54,005 [1007501]   WARN - #com.android.tools.rendering.LayoutlibCallbackExDelegate - LayoutlibCallback use after dispose
2026-03-04 22:18:54,005 [1007501]   WARN - #com.android.tools.rendering.LayoutlibCallbackExDelegate - LayoutlibCallback use after dispose
2026-03-04 22:18:54,005 [1007501]   WARN - #com.android.tools.rendering.LayoutlibCallbackExDelegate - LayoutlibCallback use after dispose
2026-03-04 22:18:54,005 [1007501]   WARN - #com.android.tools.rendering.LayoutlibCallbackExDelegate - LayoutlibCallback use after dispose
2026-03-04 22:18:54,005 [1007501]   WARN - #com.android.tools.rendering.LayoutlibCallbackExDelegate - LayoutlibCallback use after dispose
2026-03-04 22:18:54,005 [1007501]   WARN - #com.android.tools.rendering.LayoutlibCallbackExDelegate - LayoutlibCallback use after dispose
2026-03-04 22:18:54,005 [1007501]   WARN - #com.android.tools.rendering.LayoutlibCallbackExDelegate - LayoutlibCallback use after dispose
2026-03-04 22:18:54,005 [1007501]   WARN - #com.android.tools.rendering.LayoutlibCallbackExDelegate - LayoutlibCallback use after dispose
2026-03-04 22:18:54,005 [1007501]   WARN - #com.android.tools.rendering.LayoutlibCallbackExDelegate - LayoutlibCallback use after dispose
2026-03-04 22:18:54,005 [1007501]   WARN - #com.android.tools.rendering.LayoutlibCallbackExDelegate - LayoutlibCallback use after dispose
2026-03-04 22:18:54,005 [1007501]   WARN - #com.android.tools.rendering.LayoutlibCallbackExDelegate - LayoutlibCallback use after dispose
2026-03-04 22:18:54,005 [1007501]   WARN - #com.android.tools.rendering.LayoutlibCallbackExDelegate - LayoutlibCallback use after dispose
2026-03-04 22:18:54,005 [1007501]   WARN - #com.android.tools.rendering.LayoutlibCallbackExDelegate - LayoutlibCallback use after dispose
2026-03-04 22:18:54,005 [1007501]   WARN - #com.android.tools.rendering.LayoutlibCallbackExDelegate - LayoutlibCallback use after dispose
2026-03-04 22:18:54,005 [1007501]   WARN - #com.android.tools.rendering.LayoutlibCallbackExDelegate - LayoutlibCallback use after dispose
2026-03-04 22:18:54,005 [1007501]   WARN - #com.android.tools.rendering.LayoutlibCallbackExDelegate - LayoutlibCallback use after dispose
2026-03-04 22:18:54,005 [1007501]   WARN - #com.android.tools.rendering.LayoutlibCallbackExDelegate - LayoutlibCallback use after dispose
2026-03-04 22:18:54,005 [1007501]   WARN - #com.android.tools.rendering.LayoutlibCallbackExDelegate - LayoutlibCallback use after dispose
2026-03-04 22:18:54,006 [1007502]   WARN - #com.android.tools.rendering.LayoutlibCallbackExDelegate - LayoutlibCallback use after dispose
2026-03-04 22:18:54,006 [1007502]   WARN - #com.android.tools.rendering.LayoutlibCallbackExDelegate - LayoutlibCallback use after dispose
2026-03-04 22:18:54,006 [1007502]   WARN - #com.android.tools.rendering.LayoutlibCallbackExDelegate - LayoutlibCallback use after dispose
2026-03-04 22:18:54,006 [1007502]   WARN - #com.android.tools.rendering.LayoutlibCallbackExDelegate - LayoutlibCallback use after dispose
2026-03-04 22:18:54,006 [1007502]   WARN - #com.android.tools.rendering.LayoutlibCallbackExDelegate - LayoutlibCallback use after dispose
2026-03-04 22:18:54,006 [1007502]   WARN - #com.android.tools.rendering.LayoutlibCallbackExDelegate - LayoutlibCallback use after dispose
2026-03-04 22:18:54,006 [1007502]   WARN - #com.android.tools.rendering.LayoutlibCallbackExDelegate - LayoutlibCallback use after dispose
2026-03-04 22:18:54,006 [1007502]   WARN - #com.android.tools.rendering.LayoutlibCallbackExDelegate - LayoutlibCallback use after dispose
2026-03-04 22:18:54,006 [1007502]   WARN - #com.android.tools.rendering.LayoutlibCallbackExDelegate - LayoutlibCallback use after dispose
2026-03-04 22:18:54,006 [1007502]   WARN - #com.android.tools.rendering.LayoutlibCallbackExDelegate - LayoutlibCallback use after dispose
2026-03-04 22:18:54,006 [1007502]   WARN - #com.android.tools.rendering.LayoutlibCallbackExDelegate - LayoutlibCallback use after dispose
2026-03-04 22:18:54,006 [1007502]   WARN - #com.android.tools.rendering.LayoutlibCallbackExDelegate - LayoutlibCallback use after dispose
2026-03-04 22:18:54,006 [1007502]   WARN - #com.android.tools.rendering.LayoutlibCallbackExDelegate - LayoutlibCallback use after dispose
2026-03-04 22:18:54,006 [1007502]   WARN - #com.android.tools.rendering.LayoutlibCallbackExDelegate - LayoutlibCallback use after dispose
2026-03-04 22:18:54,006 [1007502]   WARN - #com.android.tools.rendering.LayoutlibCallbackExDelegate - LayoutlibCallback use after dispose
2026-03-04 22:18:54,006 [1007502]   WARN - #com.android.tools.rendering.LayoutlibCallbackExDelegate - LayoutlibCallback use after dispose
2026-03-04 22:18:54,006 [1007502]   WARN - #com.android.tools.rendering.LayoutlibCallbackExDelegate - LayoutlibCallback use after dispose
2026-03-04 22:18:54,006 [1007502]   WARN - #com.android.tools.rendering.LayoutlibCallbackExDelegate - LayoutlibCallback use after dispose
2026-03-04 22:18:54,006 [1007502]   WARN - #com.android.tools.rendering.LayoutlibCallbackExDelegate - LayoutlibCallback use after dispose
2026-03-04 22:18:54,006 [1007502]   WARN - #com.android.tools.rendering.LayoutlibCallbackExDelegate - LayoutlibCallback use after dispose
2026-03-04 22:18:54,006 [1007502]   WARN - #com.android.tools.rendering.LayoutlibCallbackExDelegate - LayoutlibCallback use after dispose
2026-03-04 22:18:54,006 [1007502]   WARN - #com.android.tools.rendering.LayoutlibCallbackExDelegate - LayoutlibCallback use after dispose
2026-03-04 22:18:54,006 [1007502]   WARN - #com.android.tools.rendering.LayoutlibCallbackExDelegate - LayoutlibCallback use after dispose
2026-03-04 22:18:54,006 [1007502]   WARN - #com.android.tools.rendering.LayoutlibCallbackExDelegate - LayoutlibCallback use after dispose
2026-03-04 22:18:54,006 [1007502]   WARN - #com.android.tools.rendering.LayoutlibCallbackExDelegate - LayoutlibCallback use after dispose
2026-03-04 22:18:54,006 [1007502]   WARN - #com.android.tools.rendering.LayoutlibCallbackExDelegate - LayoutlibCallback use after dispose
2026-03-04 22:18:54,006 [1007502]   WARN - #com.android.tools.rendering.LayoutlibCallbackExDelegate - LayoutlibCallback use after dispose
2026-03-04 22:18:54,006 [1007502]   WARN - #com.android.tools.rendering.LayoutlibCallbackExDelegate - LayoutlibCallback use after dispose
2026-03-04 22:18:54,006 [1007502]   WARN - #com.android.tools.rendering.LayoutlibCallbackExDelegate - LayoutlibCallback use after dispose
2026-03-04 22:18:54,006 [1007502]   WARN - #com.android.tools.rendering.LayoutlibCallbackExDelegate - LayoutlibCallback use after dispose
2026-03-04 22:18:54,006 [1007502]   WARN - #com.android.tools.rendering.LayoutlibCallbackExDelegate - LayoutlibCallback use after dispose
2026-03-04 22:18:54,006 [1007502]   WARN - #com.android.tools.rendering.LayoutlibCallbackExDelegate - LayoutlibCallback use after dispose
2026-03-04 22:18:54,006 [1007502]   WARN - #com.android.tools.rendering.LayoutlibCallbackExDelegate - LayoutlibCallback use after dispose
2026-03-04 22:18:54,006 [1007502]   WARN - #com.android.tools.rendering.LayoutlibCallbackExDelegate - LayoutlibCallback use after dispose
2026-03-04 22:18:54,006 [1007502]   WARN - #com.android.tools.rendering.LayoutlibCallbackExDelegate - LayoutlibCallback use after dispose
2026-03-04 22:18:54,006 [1007502]   WARN - #com.android.tools.rendering.LayoutlibCallbackExDelegate - LayoutlibCallback use after dispose
2026-03-04 22:18:54,006 [1007502]   WARN - #com.android.tools.rendering.LayoutlibCallbackExDelegate - LayoutlibCallback use after dispose
2026-03-04 22:18:54,006 [1007502]   WARN - #com.android.tools.rendering.LayoutlibCallbackExDelegate - LayoutlibCallback use after dispose
2026-03-04 22:18:54,006 [1007502]   WARN - #com.android.tools.rendering.LayoutlibCallbackExDelegate - LayoutlibCallback use after dispose
2026-03-04 22:18:54,006 [1007502]   WARN - #com.android.tools.rendering.LayoutlibCallbackExDelegate - LayoutlibCallback use after dispose
2026-03-04 22:18:54,006 [1007502]   WARN - #com.android.tools.rendering.LayoutlibCallbackExDelegate - LayoutlibCallback use after dispose
2026-03-04 22:18:54,006 [1007502]   WARN - #com.android.tools.rendering.LayoutlibCallbackExDelegate - LayoutlibCallback use after dispose
2026-03-04 22:18:54,006 [1007502]   WARN - #com.android.tools.rendering.LayoutlibCallbackExDelegate - LayoutlibCallback use after dispose
2026-03-04 22:18:54,006 [1007502]   WARN - #com.android.tools.rendering.LayoutlibCallbackExDelegate - LayoutlibCallback use after dispose
2026-03-04 22:18:54,006 [1007502]   WARN - #com.android.tools.rendering.LayoutlibCallbackExDelegate - LayoutlibCallback use after dispose
2026-03-04 22:18:54,006 [1007502]   WARN - #com.android.tools.rendering.LayoutlibCallbackExDelegate - LayoutlibCallback use after dispose
2026-03-04 22:18:54,006 [1007502]   WARN - #com.android.tools.rendering.LayoutlibCallbackExDelegate - LayoutlibCallback use after dispose
2026-03-04 22:18:54,006 [1007502]   WARN - #com.android.tools.rendering.LayoutlibCallbackExDelegate - LayoutlibCallback use after dispose
2026-03-04 22:18:54,006 [1007502]   WARN - #com.android.tools.rendering.LayoutlibCallbackExDelegate - LayoutlibCallback use after dispose
2026-03-04 22:18:54,006 [1007502]   WARN - #com.android.tools.rendering.LayoutlibCallbackExDelegate - LayoutlibCallback use after dispose
2026-03-04 22:18:54,006 [1007502]   WARN - #com.android.tools.rendering.LayoutlibCallbackExDelegate - LayoutlibCallback use after dispose
2026-03-04 22:18:54,006 [1007502]   WARN - #com.android.tools.rendering.LayoutlibCallbackExDelegate - LayoutlibCallback use after dispose
2026-03-04 22:18:54,006 [1007502]   WARN - #com.android.tools.rendering.LayoutlibCallbackExDelegate - LayoutlibCallback use after dispose
2026-03-04 22:18:54,006 [1007502]   WARN - #com.android.tools.rendering.LayoutlibCallbackExDelegate - LayoutlibCallback use after dispose
2026-03-04 22:18:54,006 [1007502]   WARN - #com.android.tools.rendering.LayoutlibCallbackExDelegate - LayoutlibCallback use after dispose
2026-03-04 22:18:54,006 [1007502]   WARN - #com.android.tools.rendering.LayoutlibCallbackExDelegate - LayoutlibCallback use after dispose
2026-03-04 22:18:54,006 [1007502]   WARN - #com.android.tools.rendering.LayoutlibCallbackExDelegate - LayoutlibCallback use after dispose
2026-03-04 22:18:54,006 [1007502]   WARN - #com.android.tools.rendering.LayoutlibCallbackExDelegate - LayoutlibCallback use after dispose
2026-03-04 22:18:54,006 [1007502]   WARN - #com.android.tools.rendering.LayoutlibCallbackExDelegate - LayoutlibCallback use after dispose
2026-03-04 22:18:54,007 [1007503]   WARN - #com.android.tools.rendering.LayoutlibCallbackExDelegate - LayoutlibCallback use after dispose
2026-03-04 22:18:54,007 [1007503]   WARN - #com.android.tools.rendering.LayoutlibCallbackExDelegate - LayoutlibCallback use after dispose
2026-03-04 22:18:54,007 [1007503]   WARN - #com.android.tools.rendering.LayoutlibCallbackExDelegate - LayoutlibCallback use after dispose
2026-03-04 22:18:54,007 [1007503]   WARN - #com.android.tools.rendering.LayoutlibCallbackExDelegate - LayoutlibCallback use after dispose
2026-03-04 22:18:54,007 [1007503]   WARN - #com.android.tools.rendering.LayoutlibCallbackExDelegate - LayoutlibCallback use after dispose
2026-03-04 22:18:54,007 [1007503]   WARN - #com.android.tools.rendering.LayoutlibCallbackExDelegate - LayoutlibCallback use after dispose
2026-03-04 22:18:54,007 [1007503]   WARN - #com.android.tools.rendering.LayoutlibCallbackExDelegate - LayoutlibCallback use after dispose
2026-03-04 22:18:54,007 [1007503]   WARN - #com.android.tools.rendering.LayoutlibCallbackExDelegate - LayoutlibCallback use after dispose
2026-03-04 22:18:54,007 [1007503]   WARN - #com.android.tools.rendering.LayoutlibCallbackExDelegate - LayoutlibCallback use after dispose
2026-03-04 22:18:54,007 [1007503]   WARN - #com.android.tools.rendering.LayoutlibCallbackExDelegate - LayoutlibCallback use after dispose
2026-03-04 22:18:54,007 [1007503]   WARN - #com.android.tools.rendering.LayoutlibCallbackExDelegate - LayoutlibCallback use after dispose
2026-03-04 22:18:54,007 [1007503]   WARN - #com.android.tools.rendering.LayoutlibCallbackExDelegate - LayoutlibCallback use after dispose
2026-03-04 22:18:54,007 [1007503]   WARN - #com.android.tools.rendering.LayoutlibCallbackExDelegate - LayoutlibCallback use after dispose
2026-03-04 22:18:54,007 [1007503]   WARN - #com.android.tools.rendering.LayoutlibCallbackExDelegate - LayoutlibCallback use after dispose
2026-03-04 22:18:54,007 [1007503]   WARN - #com.android.tools.rendering.LayoutlibCallbackExDelegate - LayoutlibCallback use after dispose
2026-03-04 22:18:54,007 [1007503]   WARN - #com.android.tools.rendering.LayoutlibCallbackExDelegate - LayoutlibCallback use after dispose
2026-03-04 22:18:54,007 [1007503]   WARN - #com.android.tools.rendering.LayoutlibCallbackExDelegate - LayoutlibCallback use after dispose
2026-03-04 22:18:54,007 [1007503]   WARN - #com.android.tools.rendering.LayoutlibCallbackExDelegate - LayoutlibCallback use after dispose
2026-03-04 22:18:54,007 [1007503]   WARN - #com.android.tools.rendering.LayoutlibCallbackExDelegate - LayoutlibCallback use after dispose
2026-03-04 22:18:54,007 [1007503]   WARN - #com.android.tools.rendering.LayoutlibCallbackExDelegate - LayoutlibCallback use after dispose
2026-03-04 22:18:54,007 [1007503]   WARN - #com.android.tools.rendering.LayoutlibCallbackExDelegate - LayoutlibCallback use after dispose
2026-03-04 22:18:54,007 [1007503]   WARN - #com.android.tools.rendering.LayoutlibCallbackExDelegate - LayoutlibCallback use after dispose
2026-03-04 22:18:54,007 [1007503]   WARN - #com.android.tools.rendering.LayoutlibCallbackExDelegate - LayoutlibCallback use after dispose
2026-03-04 22:18:54,007 [1007503]   WARN - #com.android.tools.rendering.LayoutlibCallbackExDelegate - LayoutlibCallback use after dispose
2026-03-04 22:18:54,007 [1007503]   WARN - #com.android.tools.rendering.LayoutlibCallbackExDelegate - LayoutlibCallback use after dispose
2026-03-04 22:18:54,007 [1007503]   WARN - #com.android.tools.rendering.LayoutlibCallbackExDelegate - LayoutlibCallback use after dispose
2026-03-04 22:18:54,007 [1007503]   WARN - #com.android.tools.rendering.LayoutlibCallbackExDelegate - LayoutlibCallback use after dispose
2026-03-04 22:18:54,007 [1007503]   WARN - #com.android.tools.rendering.LayoutlibCallbackExDelegate - LayoutlibCallback use after dispose
2026-03-04 22:18:54,007 [1007503]   WARN - #com.android.tools.rendering.LayoutlibCallbackExDelegate - LayoutlibCallback use after dispose
2026-03-04 22:18:54,007 [1007503]   WARN - #com.android.tools.rendering.LayoutlibCallbackExDelegate - LayoutlibCallback use after dispose
2026-03-04 22:18:54,007 [1007503]   WARN - #com.android.tools.rendering.LayoutlibCallbackExDelegate - LayoutlibCallback use after dispose
2026-03-04 22:18:54,007 [1007503]   WARN - #com.android.tools.rendering.LayoutlibCallbackExDelegate - LayoutlibCallback use after dispose
2026-03-04 22:18:54,007 [1007503]   WARN - #com.android.tools.rendering.LayoutlibCallbackExDelegate - LayoutlibCallback use after dispose
2026-03-04 22:18:54,007 [1007503]   WARN - #com.android.tools.rendering.LayoutlibCallbackExDelegate - LayoutlibCallback use after dispose
2026-03-04 22:18:54,007 [1007503]   WARN - #com.android.tools.rendering.LayoutlibCallbackExDelegate - LayoutlibCallback use after dispose
2026-03-04 22:18:54,007 [1007503]   WARN - #com.android.tools.rendering.LayoutlibCallbackExDelegate - LayoutlibCallback use after dispose
2026-03-04 22:18:54,007 [1007503]   WARN - #com.android.tools.rendering.LayoutlibCallbackExDelegate - LayoutlibCallback use after dispose
2026-03-04 22:18:54,007 [1007503]   WARN - #com.android.tools.rendering.LayoutlibCallbackExDelegate - LayoutlibCallback use after dispose
2026-03-04 22:18:54,007 [1007503]   WARN - #com.android.tools.rendering.LayoutlibCallbackExDelegate - LayoutlibCallback use after dispose
2026-03-04 22:18:54,007 [1007503]   WARN - #com.android.tools.rendering.LayoutlibCallbackExDelegate - LayoutlibCallback use after dispose
2026-03-04 22:18:54,007 [1007503]   WARN - #com.android.tools.rendering.LayoutlibCallbackExDelegate - LayoutlibCallback use after dispose
2026-03-04 22:18:54,007 [1007503]   WARN - #com.android.tools.rendering.LayoutlibCallbackExDelegate - LayoutlibCallback use after dispose
2026-03-04 22:18:54,007 [1007503]   WARN - #com.android.tools.rendering.LayoutlibCallbackExDelegate - LayoutlibCallback use after dispose
2026-03-04 22:18:54,007 [1007503]   WARN - #com.android.tools.rendering.LayoutlibCallbackExDelegate - LayoutlibCallback use after dispose
2026-03-04 22:18:54,007 [1007503]   WARN - #com.android.tools.rendering.LayoutlibCallbackExDelegate - LayoutlibCallback use after dispose
2026-03-04 22:18:54,007 [1007503]   WARN - #com.android.tools.rendering.LayoutlibCallbackExDelegate - LayoutlibCallback use after dispose
2026-03-04 22:18:54,007 [1007503]   WARN - #com.android.tools.rendering.LayoutlibCallbackExDelegate - LayoutlibCallback use after dispose
2026-03-04 22:18:54,007 [1007503]   WARN - #com.android.tools.rendering.LayoutlibCallbackExDelegate - LayoutlibCallback use after dispose
2026-03-04 22:18:54,007 [1007503]   WARN - #com.android.tools.rendering.LayoutlibCallbackExDelegate - LayoutlibCallback use after dispose
2026-03-04 22:18:54,007 [1007503]   WARN - #com.android.tools.rendering.LayoutlibCallbackExDelegate - LayoutlibCallback use after dispose
2026-03-04 22:18:54,007 [1007503]   WARN - #com.android.tools.rendering.LayoutlibCallbackExDelegate - LayoutlibCallback use after dispose
2026-03-04 22:18:54,007 [1007503]   WARN - #com.android.tools.rendering.LayoutlibCallbackExDelegate - LayoutlibCallback use after dispose
2026-03-04 22:18:54,007 [1007503]   WARN - #com.android.tools.rendering.LayoutlibCallbackExDelegate - LayoutlibCallback use after dispose
2026-03-04 22:18:54,007 [1007503]   WARN - #com.android.tools.rendering.LayoutlibCallbackExDelegate - LayoutlibCallback use after dispose
2026-03-04 22:18:54,007 [1007503]   WARN - #com.android.tools.rendering.LayoutlibCallbackExDelegate - LayoutlibCallback use after dispose
2026-03-04 22:18:54,007 [1007503]   WARN - #com.android.tools.rendering.LayoutlibCallbackExDelegate - LayoutlibCallback use after dispose
2026-03-04 22:18:54,195 [1007691]   WARN - #com.android.tools.rendering.LayoutlibCallbackExDelegate - LayoutlibCallback use after dispose
2026-03-04 22:18:54,195 [1007691]   WARN - #com.android.tools.rendering.LayoutlibCallbackExDelegate - LayoutlibCallback use after dispose
2026-03-04 22:18:54,195 [1007691]   WARN - #com.android.tools.rendering.LayoutlibCallbackExDelegate - LayoutlibCallback use after dispose
2026-03-04 22:18:54,195 [1007691]   WARN - #com.android.tools.rendering.LayoutlibCallbackExDelegate - LayoutlibCallback use after dispose
2026-03-04 22:18:54,195 [1007691]   WARN - #com.android.tools.rendering.LayoutlibCallbackExDelegate - LayoutlibCallback use after dispose
2026-03-04 22:18:54,195 [1007691]   WARN - #com.android.tools.rendering.LayoutlibCallbackExDelegate - LayoutlibCallback use after dispose
2026-03-04 22:18:54,195 [1007691]   WARN - #com.android.tools.rendering.LayoutlibCallbackExDelegate - LayoutlibCallback use after dispose
2026-03-04 22:18:54,195 [1007691]   WARN - #com.android.tools.rendering.LayoutlibCallbackExDelegate - LayoutlibCallback use after dispose
2026-03-04 22:18:54,195 [1007691]   WARN - #com.android.tools.rendering.LayoutlibCallbackExDelegate - LayoutlibCallback use after dispose
2026-03-04 22:18:54,195 [1007691]   WARN - #com.android.tools.rendering.LayoutlibCallbackExDelegate - LayoutlibCallback use after dispose
2026-03-04 22:18:54,195 [1007691]   WARN - #com.android.tools.rendering.LayoutlibCallbackExDelegate - LayoutlibCallback use after dispose
2026-03-04 22:18:54,195 [1007691]   WARN - #com.android.tools.rendering.LayoutlibCallbackExDelegate - LayoutlibCallback use after dispose
2026-03-04 22:18:54,195 [1007691]   WARN - #com.android.tools.rendering.LayoutlibCallbackExDelegate - LayoutlibCallback use after dispose
2026-03-04 22:18:54,195 [1007691]   WARN - #com.android.tools.rendering.LayoutlibCallbackExDelegate - LayoutlibCallback use after dispose
2026-03-04 22:18:54,195 [1007691]   WARN - #com.android.tools.rendering.LayoutlibCallbackExDelegate - LayoutlibCallback use after dispose
2026-03-04 22:18:54,195 [1007691]   WARN - #com.android.tools.rendering.LayoutlibCallbackExDelegate - LayoutlibCallback use after dispose
2026-03-04 22:18:54,195 [1007691]   WARN - #com.android.tools.rendering.LayoutlibCallbackExDelegate - LayoutlibCallback use after dispose
2026-03-04 22:18:54,195 [1007691]   WARN - #com.android.tools.rendering.LayoutlibCallbackExDelegate - LayoutlibCallback use after dispose
2026-03-04 22:18:54,195 [1007691]   WARN - #com.android.tools.rendering.LayoutlibCallbackExDelegate - LayoutlibCallback use after dispose
2026-03-04 22:18:54,195 [1007691]   WARN - #com.android.tools.rendering.LayoutlibCallbackExDelegate - LayoutlibCallback use after dispose
2026-03-04 22:18:54,195 [1007691]   WARN - #com.android.tools.rendering.LayoutlibCallbackExDelegate - LayoutlibCallback use after dispose
2026-03-04 22:18:54,195 [1007691]   WARN - #com.android.tools.rendering.LayoutlibCallbackExDelegate - LayoutlibCallback use after dispose
2026-03-04 22:18:54,195 [1007691]   WARN - #com.android.tools.rendering.LayoutlibCallbackExDelegate - LayoutlibCallback use after dispose
2026-03-04 22:18:54,195 [1007691]   WARN - #com.android.tools.rendering.LayoutlibCallbackExDelegate - LayoutlibCallback use after dispose
2026-03-04 22:18:54,195 [1007691]   WARN - #com.android.tools.rendering.LayoutlibCallbackExDelegate - LayoutlibCallback use after dispose
2026-03-04 22:18:54,195 [1007691]   WARN - #com.android.tools.rendering.LayoutlibCallbackExDelegate - LayoutlibCallback use after dispose
2026-03-04 22:18:54,195 [1007691]   WARN - #com.android.tools.rendering.LayoutlibCallbackExDelegate - LayoutlibCallback use after dispose
2026-03-04 22:18:54,195 [1007691]   WARN - #com.android.tools.rendering.LayoutlibCallbackExDelegate - LayoutlibCallback use after dispose
2026-03-04 22:18:54,195 [1007691]   WARN - #com.android.tools.rendering.LayoutlibCallbackExDelegate - LayoutlibCallback use after dispose
2026-03-04 22:18:54,195 [1007691]   WARN - #com.android.tools.rendering.LayoutlibCallbackExDelegate - LayoutlibCallback use after dispose
2026-03-04 22:18:54,195 [1007691]   WARN - #com.android.tools.rendering.LayoutlibCallbackExDelegate - LayoutlibCallback use after dispose
2026-03-04 22:18:54,195 [1007691]   WARN - #com.android.tools.rendering.LayoutlibCallbackExDelegate - LayoutlibCallback use after dispose
2026-03-04 22:18:54,195 [1007691]   WARN - #com.android.tools.rendering.LayoutlibCallbackExDelegate - LayoutlibCallback use after dispose
2026-03-04 22:18:54,195 [1007691]   WARN - #com.android.tools.rendering.LayoutlibCallbackExDelegate - LayoutlibCallback use after dispose
2026-03-04 22:18:54,195 [1007691]   WARN - #com.android.tools.rendering.LayoutlibCallbackExDelegate - LayoutlibCallback use after dispose
2026-03-04 22:18:54,195 [1007691]   WARN - #com.android.tools.rendering.LayoutlibCallbackExDelegate - LayoutlibCallback use after dispose
2026-03-04 22:18:54,195 [1007691]   WARN - #com.android.tools.rendering.LayoutlibCallbackExDelegate - LayoutlibCallback use after dispose
2026-03-04 22:18:54,195 [1007691]   WARN - #com.android.tools.rendering.LayoutlibCallbackExDelegate - LayoutlibCallback use after dispose
2026-03-04 22:18:54,195 [1007691]   WARN - #com.android.tools.rendering.LayoutlibCallbackExDelegate - LayoutlibCallback use after dispose
2026-03-04 22:18:54,196 [1007692]   WARN - #com.android.tools.rendering.LayoutlibCallbackExDelegate - LayoutlibCallback use after dispose
2026-03-04 22:18:54,196 [1007692]   WARN - #com.android.tools.rendering.LayoutlibCallbackExDelegate - LayoutlibCallback use after dispose
2026-03-04 22:18:54,196 [1007692]   WARN - #com.android.tools.rendering.LayoutlibCallbackExDelegate - LayoutlibCallback use after dispose
2026-03-04 22:18:54,196 [1007692]   WARN - #com.android.tools.rendering.LayoutlibCallbackExDelegate - LayoutlibCallback use after dispose
2026-03-04 22:18:54,196 [1007692]   WARN - #com.android.tools.rendering.LayoutlibCallbackExDelegate - LayoutlibCallback use after dispose
2026-03-04 22:18:54,196 [1007692]   WARN - #com.android.tools.rendering.LayoutlibCallbackExDelegate - LayoutlibCallback use after dispose
2026-03-04 22:18:54,196 [1007692]   WARN - #com.android.tools.rendering.LayoutlibCallbackExDelegate - LayoutlibCallback use after dispose
2026-03-04 22:18:54,196 [1007692]   WARN - #com.android.tools.rendering.LayoutlibCallbackExDelegate - LayoutlibCallback use after dispose
2026-03-04 22:18:54,196 [1007692]   WARN - #com.android.tools.rendering.LayoutlibCallbackExDelegate - LayoutlibCallback use after dispose
2026-03-04 22:18:54,196 [1007692]   WARN - #com.android.tools.rendering.LayoutlibCallbackExDelegate - LayoutlibCallback use after dispose
2026-03-04 22:18:54,196 [1007692]   WARN - #com.android.tools.rendering.LayoutlibCallbackExDelegate - LayoutlibCallback use after dispose
2026-03-04 22:18:54,196 [1007692]   WARN - #com.android.tools.rendering.LayoutlibCallbackExDelegate - LayoutlibCallback use after dispose
2026-03-04 22:18:54,196 [1007692]   WARN - #com.android.tools.rendering.LayoutlibCallbackExDelegate - LayoutlibCallback use after dispose
2026-03-04 22:18:54,196 [1007692]   WARN - #com.android.tools.rendering.LayoutlibCallbackExDelegate - LayoutlibCallback use after dispose
2026-03-04 22:18:54,196 [1007692]   WARN - #com.android.tools.rendering.LayoutlibCallbackExDelegate - LayoutlibCallback use after dispose
2026-03-04 22:18:54,196 [1007692]   WARN - #com.android.tools.rendering.LayoutlibCallbackExDelegate - LayoutlibCallback use after dispose
2026-03-04 22:18:54,196 [1007692]   WARN - #com.android.tools.rendering.LayoutlibCallbackExDelegate - LayoutlibCallback use after dispose
2026-03-04 22:18:54,196 [1007692]   WARN - #com.android.tools.rendering.LayoutlibCallbackExDelegate - LayoutlibCallback use after dispose
2026-03-04 22:18:54,196 [1007692]   WARN - #com.android.tools.rendering.LayoutlibCallbackExDelegate - LayoutlibCallback use after dispose
2026-03-04 22:18:54,196 [1007692]   WARN - #com.android.tools.rendering.LayoutlibCallbackExDelegate - LayoutlibCallback use after dispose
2026-03-04 22:18:54,196 [1007692]   WARN - #com.android.tools.rendering.LayoutlibCallbackExDelegate - LayoutlibCallback use after dispose
2026-03-04 22:18:54,196 [1007692]   WARN - #com.android.tools.rendering.LayoutlibCallbackExDelegate - LayoutlibCallback use after dispose
2026-03-04 22:18:54,196 [1007692]   WARN - #com.android.tools.rendering.LayoutlibCallbackExDelegate - LayoutlibCallback use after dispose
2026-03-04 22:18:54,196 [1007692]   WARN - #com.android.tools.rendering.LayoutlibCallbackExDelegate - LayoutlibCallback use after dispose
2026-03-04 22:18:54,196 [1007692]   WARN - #com.android.tools.rendering.LayoutlibCallbackExDelegate - LayoutlibCallback use after dispose
2026-03-04 22:18:54,196 [1007692]   WARN - #com.android.tools.rendering.LayoutlibCallbackExDelegate - LayoutlibCallback use after dispose
2026-03-04 22:18:54,196 [1007692]   WARN - #com.android.tools.rendering.LayoutlibCallbackExDelegate - LayoutlibCallback use after dispose
2026-03-04 22:18:54,196 [1007692]   WARN - #com.android.tools.rendering.LayoutlibCallbackExDelegate - LayoutlibCallback use after dispose
2026-03-04 22:18:54,196 [1007692]   WARN - #com.android.tools.rendering.LayoutlibCallbackExDelegate - LayoutlibCallback use after dispose
2026-03-04 22:18:54,196 [1007692]   WARN - #com.android.tools.rendering.LayoutlibCallbackExDelegate - LayoutlibCallback use after dispose
2026-03-04 22:18:54,196 [1007692]   WARN - #com.android.tools.rendering.LayoutlibCallbackExDelegate - LayoutlibCallback use after dispose
2026-03-04 22:18:54,196 [1007692]   WARN - #com.android.tools.rendering.LayoutlibCallbackExDelegate - LayoutlibCallback use after dispose
2026-03-04 22:18:54,196 [1007692]   WARN - #com.android.tools.rendering.LayoutlibCallbackExDelegate - LayoutlibCallback use after dispose
2026-03-04 22:18:54,196 [1007692]   WARN - #com.android.tools.rendering.LayoutlibCallbackExDelegate - LayoutlibCallback use after dispose
2026-03-04 22:18:54,196 [1007692]   WARN - #com.android.tools.rendering.LayoutlibCallbackExDelegate - LayoutlibCallback use after dispose
2026-03-04 22:18:54,196 [1007692]   WARN - #com.android.tools.rendering.LayoutlibCallbackExDelegate - LayoutlibCallback use after dispose
2026-03-04 22:18:54,196 [1007692]   WARN - #com.android.tools.rendering.LayoutlibCallbackExDelegate - LayoutlibCallback use after dispose
2026-03-04 22:18:54,196 [1007692]   WARN - #com.android.tools.rendering.LayoutlibCallbackExDelegate - LayoutlibCallback use after dispose
2026-03-04 22:18:54,196 [1007692]   WARN - #com.android.tools.rendering.LayoutlibCallbackExDelegate - LayoutlibCallback use after dispose
2026-03-04 22:18:54,196 [1007692]   WARN - #com.android.tools.rendering.LayoutlibCallbackExDelegate - LayoutlibCallback use after dispose
2026-03-04 22:18:54,196 [1007692]   WARN - #com.android.tools.rendering.LayoutlibCallbackExDelegate - LayoutlibCallback use after dispose
2026-03-04 22:18:54,196 [1007692]   WARN - #com.android.tools.rendering.LayoutlibCallbackExDelegate - LayoutlibCallback use after dispose
2026-03-04 22:18:54,196 [1007692]   WARN - #com.android.tools.rendering.LayoutlibCallbackExDelegate - LayoutlibCallback use after dispose
2026-03-04 22:18:54,196 [1007692]   WARN - #com.android.tools.rendering.LayoutlibCallbackExDelegate - LayoutlibCallback use after dispose
2026-03-04 22:18:54,196 [1007692]   WARN - #com.android.tools.rendering.LayoutlibCallbackExDelegate - LayoutlibCallback use after dispose
2026-03-04 22:18:54,196 [1007692]   WARN - #com.android.tools.rendering.LayoutlibCallbackExDelegate - LayoutlibCallback use after dispose
2026-03-04 22:18:54,196 [1007692]   WARN - #com.android.tools.rendering.LayoutlibCallbackExDelegate - LayoutlibCallback use after dispose
2026-03-04 22:18:54,196 [1007692]   WARN - #com.android.tools.rendering.LayoutlibCallbackExDelegate - LayoutlibCallback use after dispose
2026-03-04 22:18:54,196 [1007692]   WARN - #com.android.tools.rendering.LayoutlibCallbackExDelegate - LayoutlibCallback use after dispose
2026-03-04 22:18:54,196 [1007692]   WARN - #com.android.tools.rendering.LayoutlibCallbackExDelegate - LayoutlibCallback use after dispose
2026-03-04 22:18:54,196 [1007692]   WARN - #com.android.tools.rendering.LayoutlibCallbackExDelegate - LayoutlibCallback use after dispose
2026-03-04 22:18:54,196 [1007692]   WARN - #com.android.tools.rendering.LayoutlibCallbackExDelegate - LayoutlibCallback use after dispose
2026-03-04 22:18:54,196 [1007692]   WARN - #com.android.tools.rendering.LayoutlibCallbackExDelegate - LayoutlibCallback use after dispose
2026-03-04 22:18:54,196 [1007692]   WARN - #com.android.tools.rendering.LayoutlibCallbackExDelegate - LayoutlibCallback use after dispose
2026-03-04 22:18:54,196 [1007692]   WARN - #com.android.tools.rendering.LayoutlibCallbackExDelegate - LayoutlibCallback use after dispose
2026-03-04 22:18:54,196 [1007692]   WARN - #com.android.tools.rendering.LayoutlibCallbackExDelegate - LayoutlibCallback use after dispose
2026-03-04 22:18:54,196 [1007692]   WARN - #com.android.tools.rendering.LayoutlibCallbackExDelegate - LayoutlibCallback use after dispose
2026-03-04 22:18:54,196 [1007692]   WARN - #com.android.tools.rendering.LayoutlibCallbackExDelegate - LayoutlibCallback use after dispose
2026-03-04 22:18:54,196 [1007692]   WARN - #com.android.tools.rendering.LayoutlibCallbackExDelegate - LayoutlibCallback use after dispose
2026-03-04 22:18:54,196 [1007692]   WARN - #com.android.tools.rendering.LayoutlibCallbackExDelegate - LayoutlibCallback use after dispose
2026-03-04 22:18:54,196 [1007692]   WARN - #com.android.tools.rendering.LayoutlibCallbackExDelegate - LayoutlibCallback use after dispose
2026-03-04 22:18:54,196 [1007692]   WARN - #com.android.tools.rendering.LayoutlibCallbackExDelegate - LayoutlibCallback use after dispose
2026-03-04 22:18:54,196 [1007692]   WARN - #com.android.tools.rendering.LayoutlibCallbackExDelegate - LayoutlibCallback use after dispose
2026-03-04 22:18:54,196 [1007692]   WARN - #com.android.tools.rendering.LayoutlibCallbackExDelegate - LayoutlibCallback use after dispose
2026-03-04 22:18:54,196 [1007692]   WARN - #com.android.tools.rendering.LayoutlibCallbackExDelegate - LayoutlibCallback use after dispose
2026-03-04 22:18:54,196 [1007692]   WARN - #com.android.tools.rendering.LayoutlibCallbackExDelegate - LayoutlibCallback use after dispose
2026-03-04 22:18:54,196 [1007692]   WARN - #com.android.tools.rendering.LayoutlibCallbackExDelegate - LayoutlibCallback use after dispose
2026-03-04 22:18:54,197 [1007693]   WARN - #com.android.tools.rendering.LayoutlibCallbackExDelegate - LayoutlibCallback use after dispose
2026-03-04 22:18:54,197 [1007693]   WARN - #com.android.tools.rendering.LayoutlibCallbackExDelegate - LayoutlibCallback use after dispose
2026-03-04 22:18:54,197 [1007693]   WARN - #com.android.tools.rendering.LayoutlibCallbackExDelegate - LayoutlibCallback use after dispose
2026-03-04 22:18:54,197 [1007693]   WARN - #com.android.tools.rendering.LayoutlibCallbackExDelegate - LayoutlibCallback use after dispose
2026-03-04 22:18:54,197 [1007693]   WARN - #com.android.tools.rendering.LayoutlibCallbackExDelegate - LayoutlibCallback use after dispose
2026-03-04 22:18:54,197 [1007693]   WARN - #com.android.tools.rendering.LayoutlibCallbackExDelegate - LayoutlibCallback use after dispose
2026-03-04 22:18:54,197 [1007693]   WARN - #com.android.tools.rendering.LayoutlibCallbackExDelegate - LayoutlibCallback use after dispose
2026-03-04 22:18:54,197 [1007693]   WARN - #com.android.tools.rendering.LayoutlibCallbackExDelegate - LayoutlibCallback use after dispose
2026-03-04 22:18:54,197 [1007693]   WARN - #com.android.tools.rendering.LayoutlibCallbackExDelegate - LayoutlibCallback use after dispose
2026-03-04 22:18:54,197 [1007693]   WARN - #com.android.tools.rendering.LayoutlibCallbackExDelegate - LayoutlibCallback use after dispose
2026-03-04 22:18:54,197 [1007693]   WARN - #com.android.tools.rendering.LayoutlibCallbackExDelegate - LayoutlibCallback use after dispose
2026-03-04 22:19:00,724 [1014220]   WARN - #com.android.tools.rendering.LayoutlibCallbackExDelegate - LayoutlibCallback use after dispose
2026-03-04 22:19:00,724 [1014220]   WARN - #com.android.tools.rendering.LayoutlibCallbackExDelegate - LayoutlibCallback use after dispose
2026-03-04 22:19:00,725 [1014221]   WARN - #com.android.tools.rendering.LayoutlibCallbackExDelegate - LayoutlibCallback use after dispose
2026-03-04 22:19:00,725 [1014221]   WARN - #com.android.tools.rendering.LayoutlibCallbackExDelegate - LayoutlibCallback use after dispose
2026-03-04 22:19:00,725 [1014221]   WARN - #com.android.tools.rendering.LayoutlibCallbackExDelegate - LayoutlibCallback use after dispose
2026-03-04 22:19:00,726 [1014222]   WARN - #com.android.tools.rendering.LayoutlibCallbackExDelegate - LayoutlibCallback use after dispose
2026-03-04 22:19:00,726 [1014222]   WARN - #com.android.tools.rendering.LayoutlibCallbackExDelegate - LayoutlibCallback use after dispose
2026-03-04 22:19:00,726 [1014222]   WARN - #com.android.tools.rendering.LayoutlibCallbackExDelegate - LayoutlibCallback use after dispose
2026-03-04 22:19:00,726 [1014222]   WARN - #com.android.tools.rendering.LayoutlibCallbackExDelegate - LayoutlibCallback use after dispose
2026-03-04 22:19:00,726 [1014222]   WARN - #com.android.tools.rendering.LayoutlibCallbackExDelegate - LayoutlibCallback use after dispose
2026-03-04 22:19:00,727 [1014223]   WARN - #com.android.tools.rendering.LayoutlibCallbackExDelegate - LayoutlibCallback use after dispose
2026-03-04 22:19:00,727 [1014223]   WARN - #com.android.tools.rendering.LayoutlibCallbackExDelegate - LayoutlibCallback use after dispose
2026-03-04 22:19:00,727 [1014223]   WARN - #com.android.tools.rendering.LayoutlibCallbackExDelegate - LayoutlibCallback use after dispose
2026-03-04 22:19:00,727 [1014223]   WARN - #com.android.tools.rendering.LayoutlibCallbackExDelegate - LayoutlibCallback use after dispose
2026-03-04 22:19:00,727 [1014223]   WARN - #com.android.tools.rendering.LayoutlibCallbackExDelegate - LayoutlibCallback use after dispose
2026-03-04 22:19:00,727 [1014223]   WARN - #com.android.tools.rendering.LayoutlibCallbackExDelegate - LayoutlibCallback use after dispose
2026-03-04 22:19:00,727 [1014223]   WARN - #com.android.tools.rendering.LayoutlibCallbackExDelegate - LayoutlibCallback use after dispose
2026-03-04 22:19:00,727 [1014223]   WARN - #com.android.tools.rendering.LayoutlibCallbackExDelegate - LayoutlibCallback use after dispose
2026-03-04 22:19:00,727 [1014223]   WARN - #com.android.tools.rendering.LayoutlibCallbackExDelegate - LayoutlibCallback use after dispose
2026-03-04 22:19:00,728 [1014224]   WARN - #com.android.tools.rendering.LayoutlibCallbackExDelegate - LayoutlibCallback use after dispose
2026-03-04 22:19:00,728 [1014224]   WARN - #com.android.tools.rendering.LayoutlibCallbackExDelegate - LayoutlibCallback use after dispose
2026-03-04 22:19:00,728 [1014224]   WARN - #com.android.tools.rendering.LayoutlibCallbackExDelegate - LayoutlibCallback use after dispose
2026-03-04 22:19:00,728 [1014224]   WARN - #com.android.tools.rendering.LayoutlibCallbackExDelegate - LayoutlibCallback use after dispose
2026-03-04 22:19:00,728 [1014224]   WARN - #com.android.tools.rendering.LayoutlibCallbackExDelegate - LayoutlibCallback use after dispose
2026-03-04 22:19:00,728 [1014224]   WARN - #com.android.tools.rendering.LayoutlibCallbackExDelegate - LayoutlibCallback use after dispose
2026-03-04 22:19:00,728 [1014224]   WARN - #com.android.tools.rendering.LayoutlibCallbackExDelegate - LayoutlibCallback use after dispose
2026-03-04 22:19:00,728 [1014224]   WARN - #com.android.tools.rendering.LayoutlibCallbackExDelegate - LayoutlibCallback use after dispose
2026-03-04 22:19:32,373 [1045869]   WARN - #com.android.tools.rendering.LayoutlibCallbackExDelegate - LayoutlibCallback use after dispose
2026-03-04 22:19:32,373 [1045869]   WARN - #com.android.tools.rendering.LayoutlibCallbackExDelegate - LayoutlibCallback use after dispose
2026-03-04 22:19:32,373 [1045869]   WARN - #com.android.tools.rendering.LayoutlibCallbackExDelegate - LayoutlibCallback use after dispose
2026-03-04 22:19:32,373 [1045869]   WARN - #com.android.tools.rendering.LayoutlibCallbackExDelegate - LayoutlibCallback use after dispose
2026-03-04 22:19:32,373 [1045869]   WARN - #com.android.tools.rendering.LayoutlibCallbackExDelegate - LayoutlibCallback use after dispose
2026-03-04 22:19:32,373 [1045869]   WARN - #com.android.tools.rendering.LayoutlibCallbackExDelegate - LayoutlibCallback use after dispose
2026-03-04 22:19:32,373 [1045869]   WARN - #com.android.tools.rendering.LayoutlibCallbackExDelegate - LayoutlibCallback use after dispose
2026-03-04 22:19:32,373 [1045869]   WARN - #com.android.tools.rendering.LayoutlibCallbackExDelegate - LayoutlibCallback use after dispose
2026-03-04 22:19:32,373 [1045869]   WARN - #com.android.tools.rendering.LayoutlibCallbackExDelegate - LayoutlibCallback use after dispose
2026-03-04 22:19:32,373 [1045869]   WARN - #com.android.tools.rendering.LayoutlibCallbackExDelegate - LayoutlibCallback use after dispose
2026-03-04 22:19:32,373 [1045869]   WARN - #com.android.tools.rendering.LayoutlibCallbackExDelegate - LayoutlibCallback use after dispose
2026-03-04 22:19:32,373 [1045869]   WARN - #com.android.tools.rendering.LayoutlibCallbackExDelegate - LayoutlibCallback use after dispose
2026-03-04 22:19:32,374 [1045870]   WARN - #com.android.tools.rendering.LayoutlibCallbackExDelegate - LayoutlibCallback use after dispose
2026-03-04 22:19:32,374 [1045870]   WARN - #com.android.tools.rendering.LayoutlibCallbackExDelegate - LayoutlibCallback use after dispose
2026-03-04 22:19:32,374 [1045870]   WARN - #com.android.tools.rendering.LayoutlibCallbackExDelegate - LayoutlibCallback use after dispose
2026-03-04 22:19:32,374 [1045870]   WARN - #com.android.tools.rendering.LayoutlibCallbackExDelegate - LayoutlibCallback use after dispose
2026-03-04 22:19:32,375 [1045871]   WARN - #com.android.tools.rendering.LayoutlibCallbackExDelegate - LayoutlibCallback use after dispose
2026-03-04 22:19:32,375 [1045871]   WARN - #com.android.tools.rendering.LayoutlibCallbackExDelegate - LayoutlibCallback use after dispose
2026-03-04 22:19:32,375 [1045871]   WARN - #com.android.tools.rendering.LayoutlibCallbackExDelegate - LayoutlibCallback use after dispose
2026-03-04 22:19:32,375 [1045871]   WARN - #com.android.tools.rendering.LayoutlibCallbackExDelegate - LayoutlibCallback use after dispose
2026-03-04 22:19:32,375 [1045871]   WARN - #com.android.tools.rendering.LayoutlibCallbackExDelegate - LayoutlibCallback use after dispose
2026-03-04 22:19:32,378 [1045874]   WARN - #com.android.tools.rendering.LayoutlibCallbackExDelegate - LayoutlibCallback use after dispose
2026-03-04 22:19:32,379 [1045875]   WARN - #com.android.tools.rendering.LayoutlibCallbackExDelegate - LayoutlibCallback use after dispose
2026-03-04 22:19:32,379 [1045875]   WARN - #com.android.tools.rendering.LayoutlibCallbackExDelegate - LayoutlibCallback use after dispose
2026-03-04 22:19:32,379 [1045875]   WARN - #com.android.tools.rendering.LayoutlibCallbackExDelegate - LayoutlibCallback use after dispose
2026-03-04 22:22:42,457 [1235953]   WARN - #com.android.tools.idea.res.FloatResources - The specified dimension 8 does not have a unit
2026-03-04 22:22:42,499 [1235995]   WARN - #com.android.tools.idea.res.FloatResources - The specified dimension 8 does not have a unit
2026-03-04 22:22:42,501 [1235997]   WARN - #com.android.tools.idea.res.FloatResources - The specified dimension 8 does not have a unit
2026-03-04 22:22:42,525 [1236021]   WARN - #com.android.tools.idea.res.FloatResources - The specified dimension 8 does not have a unit
2026-03-04 22:22:42,529 [1236025]   WARN - #com.android.tools.idea.res.FloatResources - The specified dimension 8 does not have a unit
2026-03-04 22:22:42,564 [1236060]   WARN - #com.android.tools.idea.res.FloatResources - The specified dimension 80 does not have a unit
2026-03-04 22:22:42,603 [1236099]   WARN - #com.android.tools.idea.res.FloatResources - The specified dimension 80 does not have a unit
2026-03-04 22:22:42,606 [1236102]   WARN - #com.android.tools.idea.res.FloatResources - The specified dimension 80 does not have a unit
2026-03-04 22:22:42,611 [1236107]   WARN - #com.android.tools.idea.res.FloatResources - The specified dimension 80 does not have a unit
2026-03-04 22:22:42,612 [1236108]   WARN - #com.android.tools.idea.res.FloatResources - The specified dimension 80 does not have a unit
2026-03-04 22:22:42,615 [1236111]   WARN - #com.android.tools.idea.res.FloatResources - The specified dimension 80 does not have a unit
2026-03-04 22:22:42,616 [1236112]   WARN - #com.android.tools.idea.res.FloatResources - The specified dimension 80 does not have a unit
2026-03-04 22:22:42,618 [1236114]   WARN - #com.android.tools.idea.res.FloatResources - The specified dimension 80 does not have a unit
2026-03-04 22:22:42,619 [1236115]   WARN - #com.android.tools.idea.res.FloatResources - The specified dimension 80 does not have a unit
2026-03-04 22:22:42,622 [1236118]   WARN - #com.android.tools.idea.res.FloatResources - The specified dimension 80 does not have a unit
2026-03-04 22:22:42,622 [1236118]   WARN - #com.android.tools.idea.res.FloatResources - The specified dimension 80 does not have a unit
2026-03-04 22:22:42,626 [1236122]   WARN - #com.android.tools.idea.res.FloatResources - The specified dimension 80 does not have a unit
2026-03-04 22:22:42,626 [1236122]   WARN - #com.android.tools.idea.res.FloatResources - The specified dimension 80 does not have a unit
2026-03-04 22:22:42,630 [1236126]   WARN - #com.android.tools.idea.res.FloatResources - The specified dimension 80 does not have a unit
2026-03-04 22:22:42,634 [1236130]   WARN - #com.android.tools.idea.res.FloatResources - The specified dimension 80 does not have a unit
2026-03-04 22:22:42,637 [1236133]   WARN - #com.android.tools.idea.res.FloatResources - The specified dimension 80 does not have a unit
2026-03-04 22:22:42,638 [1236134]   WARN - #com.android.tools.idea.res.FloatResources - The specified dimension 80 does not have a unit
2026-03-04 22:22:42,641 [1236137]   WARN - #com.android.tools.idea.res.FloatResources - The specified dimension 80 does not have a unit
2026-03-04 22:22:42,642 [1236138]   WARN - #com.android.tools.idea.res.FloatResources - The specified dimension 80 does not have a unit
2026-03-04 22:22:42,645 [1236141]   WARN - #com.android.tools.idea.res.FloatResources - The specified dimension 80 does not have a unit
2026-03-04 22:22:42,646 [1236142]   WARN - #com.android.tools.idea.res.FloatResources - The specified dimension 80 does not have a unit
2026-03-04 22:22:42,649 [1236145]   WARN - #com.android.tools.idea.res.FloatResources - The specified dimension 80 does not have a unit
2026-03-04 22:22:42,650 [1236146]   WARN - #com.android.tools.idea.res.FloatResources - The specified dimension 80 does not have a unit
2026-03-04 22:22:42,653 [1236149]   WARN - #com.android.tools.idea.res.FloatResources - The specified dimension 80 does not have a unit
2026-03-04 22:22:42,654 [1236150]   WARN - #com.android.tools.idea.res.FloatResources - The specified dimension 80 does not have a unit
2026-03-04 22:22:42,657 [1236153]   WARN - #com.android.tools.idea.res.FloatResources - The specified dimension 80 does not have a unit
2026-03-04 22:22:42,658 [1236154]   WARN - #com.android.tools.idea.res.FloatResources - The specified dimension 80 does not have a unit
2026-03-04 22:22:42,674 [1236170]   WARN - #com.android.tools.idea.res.FloatResources - The specified dimension 80 does not have a unit
2026-03-04 22:22:42,680 [1236176]   WARN - #com.android.tools.idea.res.FloatResources - The specified dimension 80 does not have a unit
2026-03-04 22:22:42,681 [1236177]   WARN - #com.android.tools.idea.res.FloatResources - The specified dimension 80 does not have a unit
2026-03-04 22:22:42,685 [1236181]   WARN - #com.android.tools.idea.res.FloatResources - The specified dimension 80 does not have a unit
2026-03-04 22:22:42,697 [1236193]   WARN - #com.android.tools.idea.res.FloatResources - The specified dimension 80 does not have a unit
2026-03-04 22:22:42,702 [1236198]   WARN - #com.android.tools.idea.res.FloatResources - The specified dimension 80 does not have a unit
2026-03-04 22:22:42,721 [1236217]   WARN - #com.android.tools.idea.res.FloatResources - The specified dimension 80 does not have a unit
2026-03-04 22:22:42,772 [1236268]   WARN - #com.android.tools.idea.res.FloatResources - The specified dimension 80 does not have a unit
2026-03-04 22:22:42,792 [1236288]   WARN - #com.android.tools.idea.res.FloatResources - The specified dimension 80 does not have a unit
2026-03-04 22:22:42,793 [1236289]   WARN - #com.android.tools.idea.res.FloatResources - The specified dimension 80 does not have a unit
2026-03-04 22:22:42,795 [1236291]   WARN - #com.android.tools.idea.res.FloatResources - The specified dimension 80 does not have a unit
2026-03-04 22:22:42,823 [1236319]   WARN - #com.android.tools.rendering.LayoutlibCallbackExDelegate - LayoutlibCallback use after dispose
2026-03-04 22:22:42,823 [1236319]   WARN - #com.android.tools.rendering.LayoutlibCallbackExDelegate - LayoutlibCallback use after dispose
2026-03-04 22:22:42,824 [1236320]   WARN - #com.android.tools.rendering.LayoutlibCallbackExDelegate - LayoutlibCallback use after dispose
2026-03-04 22:22:42,824 [1236320]   WARN - #com.android.tools.rendering.LayoutlibCallbackExDelegate - LayoutlibCallback use after dispose
2026-03-04 22:22:42,824 [1236320]   WARN - #com.android.tools.rendering.LayoutlibCallbackExDelegate - LayoutlibCallback use after dispose
2026-03-04 22:22:42,825 [1236321]   WARN - #com.android.tools.rendering.LayoutlibCallbackExDelegate - LayoutlibCallback use after dispose
2026-03-04 22:22:42,825 [1236321]   WARN - #com.android.tools.rendering.LayoutlibCallbackExDelegate - LayoutlibCallback use after dispose
2026-03-04 22:22:42,825 [1236321]   WARN - #com.android.tools.rendering.LayoutlibCallbackExDelegate - LayoutlibCallback use after dispose
2026-03-04 22:22:42,825 [1236321]   WARN - #com.android.tools.rendering.LayoutlibCallbackExDelegate - LayoutlibCallback use after dispose
2026-03-04 22:22:42,825 [1236321]   WARN - #com.android.tools.rendering.LayoutlibCallbackExDelegate - LayoutlibCallback use after dispose
2026-03-04 22:22:42,825 [1236321]   WARN - #com.android.tools.rendering.LayoutlibCallbackExDelegate - LayoutlibCallback use after dispose
2026-03-04 22:22:42,825 [1236321]   WARN - #com.android.tools.rendering.LayoutlibCallbackExDelegate - LayoutlibCallback use after dispose
2026-03-04 22:22:42,825 [1236321]   WARN - #com.android.tools.rendering.LayoutlibCallbackExDelegate - LayoutlibCallback use after dispose
2026-03-04 22:22:42,826 [1236322]   WARN - #com.android.tools.rendering.LayoutlibCallbackExDelegate - LayoutlibCallback use after dispose
2026-03-04 22:22:42,826 [1236322]   WARN - #com.android.tools.rendering.LayoutlibCallbackExDelegate - LayoutlibCallback use after dispose
2026-03-04 22:22:42,826 [1236322]   WARN - #com.android.tools.rendering.LayoutlibCallbackExDelegate - LayoutlibCallback use after dispose
2026-03-04 22:22:42,826 [1236322]   WARN - #com.android.tools.rendering.LayoutlibCallbackExDelegate - LayoutlibCallback use after dispose
2026-03-04 22:22:42,826 [1236322]   WARN - #com.android.tools.rendering.LayoutlibCallbackExDelegate - LayoutlibCallback use after dispose
2026-03-04 22:22:42,826 [1236322]   WARN - #com.android.tools.rendering.LayoutlibCallbackExDelegate - LayoutlibCallback use after dispose
2026-03-04 22:22:42,826 [1236322]   WARN - #com.android.tools.rendering.LayoutlibCallbackExDelegate - LayoutlibCallback use after dispose
2026-03-04 22:22:42,826 [1236322]   WARN - #com.android.tools.rendering.LayoutlibCallbackExDelegate - LayoutlibCallback use after dispose
2026-03-04 22:22:42,827 [1236323]   WARN - #com.android.tools.rendering.LayoutlibCallbackExDelegate - LayoutlibCallback use after dispose
2026-03-04 22:22:42,827 [1236323]   WARN - #com.android.tools.rendering.LayoutlibCallbackExDelegate - LayoutlibCallback use after dispose
2026-03-04 22:22:42,827 [1236323]   WARN - #com.android.tools.rendering.LayoutlibCallbackExDelegate - LayoutlibCallback use after dispose
2026-03-04 22:22:42,827 [1236323]   WARN - #com.android.tools.rendering.LayoutlibCallbackExDelegate - LayoutlibCallback use after dispose
2026-03-04 22:22:42,827 [1236323]   WARN - #com.android.tools.rendering.LayoutlibCallbackExDelegate - LayoutlibCallback use after dispose
2026-03-04 22:22:42,827 [1236323]   WARN - #com.android.tools.rendering.LayoutlibCallbackExDelegate - LayoutlibCallback use after dispose
2026-03-04 22:22:42,865 [1236361]   WARN - #com.android.tools.idea.res.FloatResources - The specified dimension 80 does not have a unit
2026-03-04 22:22:42,866 [1236362]   WARN - #com.android.tools.idea.res.FloatResources - The specified dimension 80 does not have a unit
2026-03-04 22:22:42,871 [1236367]   WARN - #com.android.tools.idea.res.FloatResources - The specified dimension 80 does not have a unit
2026-03-04 22:22:42,872 [1236368]   WARN - #com.android.tools.idea.res.FloatResources - The specified dimension 80 does not have a unit
2026-03-04 22:22:42,878 [1236374]   WARN - #com.android.tools.idea.res.FloatResources - The specified dimension 80 does not have a unit
2026-03-04 22:22:42,879 [1236375]   WARN - #com.android.tools.idea.res.FloatResources - The specified dimension 80 does not have a unit
2026-03-04 22:22:42,885 [1236381]   WARN - #com.android.tools.idea.res.FloatResources - The specified dimension 80 does not have a unit
2026-03-04 22:22:42,886 [1236382]   WARN - #com.android.tools.idea.res.FloatResources - The specified dimension 80 does not have a unit
2026-03-04 22:22:42,889 [1236385]   WARN - #com.android.tools.idea.res.FloatResources - The specified dimension 80 does not have a unit
2026-03-04 22:22:42,889 [1236385]   WARN - #com.android.tools.idea.res.FloatResources - The specified dimension 80 does not have a unit
2026-03-04 22:22:53,793 [1247289]   WARN - #com.android.tools.idea.lint.common.LintIdeClient - Suppressed a frequent exception logged for the 10th time: null
2026-03-04 22:22:55,789 [1249285]   WARN - #com.android.tools.rendering.LayoutlibCallbackExDelegate - LayoutlibCallback use after dispose
2026-03-04 22:22:55,790 [1249286]   WARN - #com.android.tools.rendering.LayoutlibCallbackExDelegate - LayoutlibCallback use after dispose
2026-03-04 22:22:55,790 [1249286]   WARN - #com.android.tools.rendering.LayoutlibCallbackExDelegate - LayoutlibCallback use after dispose
2026-03-04 22:22:55,790 [1249286]   WARN - #com.android.tools.rendering.LayoutlibCallbackExDelegate - LayoutlibCallback use after dispose
2026-03-04 22:22:55,791 [1249287]   WARN - #com.android.tools.rendering.LayoutlibCallbackExDelegate - LayoutlibCallback use after dispose
2026-03-04 22:22:55,791 [1249287]   WARN - #com.android.tools.rendering.LayoutlibCallbackExDelegate - LayoutlibCallback use after dispose
2026-03-04 22:22:55,792 [1249288]   WARN - #com.android.tools.rendering.LayoutlibCallbackExDelegate - LayoutlibCallback use after dispose
2026-03-04 22:22:55,792 [1249288]   WARN - #com.android.tools.rendering.LayoutlibCallbackExDelegate - LayoutlibCallback use after dispose
2026-03-04 22:22:55,792 [1249288]   WARN - #com.android.tools.rendering.LayoutlibCallbackExDelegate - LayoutlibCallback use after dispose
2026-03-04 22:22:55,792 [1249288]   WARN - #com.android.tools.rendering.LayoutlibCallbackExDelegate - LayoutlibCallback use after dispose
2026-03-04 22:22:55,792 [1249288]   WARN - #com.android.tools.rendering.LayoutlibCallbackExDelegate - LayoutlibCallback use after dispose
2026-03-04 22:22:55,792 [1249288]   WARN - #com.android.tools.rendering.LayoutlibCallbackExDelegate - LayoutlibCallback use after dispose
2026-03-04 22:22:55,792 [1249288]   WARN - #com.android.tools.rendering.LayoutlibCallbackExDelegate - LayoutlibCallback use after dispose
2026-03-04 22:22:55,792 [1249288]   WARN - #com.android.tools.rendering.LayoutlibCallbackExDelegate - LayoutlibCallback use after dispose
2026-03-04 22:22:55,792 [1249288]   WARN - #com.android.tools.rendering.LayoutlibCallbackExDelegate - LayoutlibCallback use after dispose
2026-03-04 22:22:55,792 [1249288]   WARN - #com.android.tools.rendering.LayoutlibCallbackExDelegate - LayoutlibCallback use after dispose
2026-03-04 22:22:55,792 [1249288]   WARN - #com.android.tools.rendering.LayoutlibCallbackExDelegate - LayoutlibCallback use after dispose
2026-03-04 22:22:55,793 [1249289]   WARN - #com.android.tools.rendering.LayoutlibCallbackExDelegate - LayoutlibCallback use after dispose
2026-03-04 22:22:55,793 [1249289]   WARN - #com.android.tools.rendering.LayoutlibCallbackExDelegate - LayoutlibCallback use after dispose
2026-03-04 22:22:55,793 [1249289]   WARN - #com.android.tools.rendering.LayoutlibCallbackExDelegate - LayoutlibCallback use after dispose
2026-03-04 22:22:55,793 [1249289]   WARN - #com.android.tools.rendering.LayoutlibCallbackExDelegate - LayoutlibCallback use after dispose
2026-03-04 22:22:55,793 [1249289]   WARN - #com.android.tools.rendering.LayoutlibCallbackExDelegate - LayoutlibCallback use after dispose
2026-03-04 22:22:55,793 [1249289]   WARN - #com.android.tools.rendering.LayoutlibCallbackExDelegate - LayoutlibCallback use after dispose
2026-03-04 22:22:55,793 [1249289]   WARN - #com.android.tools.rendering.LayoutlibCallbackExDelegate - LayoutlibCallback use after dispose
2026-03-04 22:22:55,794 [1249290]   WARN - #com.android.tools.rendering.LayoutlibCallbackExDelegate - LayoutlibCallback use after dispose
2026-03-04 22:22:55,794 [1249290]   WARN - #com.android.tools.rendering.LayoutlibCallbackExDelegate - LayoutlibCallback use after dispose
2026-03-04 22:22:55,794 [1249290]   WARN - #com.android.tools.rendering.LayoutlibCallbackExDelegate - LayoutlibCallback use after dispose
2026-03-04 22:23:29,777 [1283273]   WARN - #com.android.tools.rendering.LayoutlibCallbackExDelegate - LayoutlibCallback use after dispose
2026-03-04 22:23:29,777 [1283273]   WARN - #com.android.tools.rendering.LayoutlibCallbackExDelegate - LayoutlibCallback use after dispose
2026-03-04 22:23:29,779 [1283275]   WARN - #com.android.tools.rendering.LayoutlibCallbackExDelegate - LayoutlibCallback use after dispose
2026-03-04 22:23:29,780 [1283276]   WARN - #com.android.tools.rendering.LayoutlibCallbackExDelegate - LayoutlibCallback use after dispose
2026-03-04 22:23:29,780 [1283276]   WARN - #com.android.tools.rendering.LayoutlibCallbackExDelegate - LayoutlibCallback use after dispose
2026-03-04 22:23:29,780 [1283276]   WARN - #com.android.tools.rendering.LayoutlibCallbackExDelegate - LayoutlibCallback use after dispose
2026-03-04 22:23:59,355 [1312851]   WARN - #com.android.tools.rendering.LayoutlibCallbackExDelegate - LayoutlibCallback use after dispose
2026-03-04 22:23:59,355 [1312851]   WARN - #com.android.tools.rendering.LayoutlibCallbackExDelegate - LayoutlibCallback use after dispose
2026-03-04 22:23:59,356 [1312852]   WARN - #com.android.tools.rendering.LayoutlibCallbackExDelegate - LayoutlibCallback use after dispose
2026-03-04 22:23:59,356 [1312852]   WARN - #com.android.tools.rendering.LayoutlibCallbackExDelegate - LayoutlibCallback use after dispose
2026-03-04 22:23:59,356 [1312852]   WARN - #com.android.tools.rendering.LayoutlibCallbackExDelegate - LayoutlibCallback use after dispose
2026-03-04 22:23:59,357 [1312853]   WARN - #com.android.tools.rendering.LayoutlibCallbackExDelegate - LayoutlibCallback use after dispose
2026-03-04 22:23:59,357 [1312853]   WARN - #com.android.tools.rendering.LayoutlibCallbackExDelegate - LayoutlibCallback use after dispose
2026-03-04 22:23:59,357 [1312853]   WARN - #com.android.tools.rendering.LayoutlibCallbackExDelegate - LayoutlibCallback use after dispose
2026-03-04 22:23:59,357 [1312853]   WARN - #com.android.tools.rendering.LayoutlibCallbackExDelegate - LayoutlibCallback use after dispose
2026-03-04 22:23:59,357 [1312853]   WARN - #com.android.tools.rendering.LayoutlibCallbackExDelegate - LayoutlibCallback use after dispose
2026-03-04 22:23:59,359 [1312855]   WARN - #com.android.tools.rendering.LayoutlibCallbackExDelegate - LayoutlibCallback use after dispose
2026-03-04 22:23:59,359 [1312855]   WARN - #com.android.tools.rendering.LayoutlibCallbackExDelegate - LayoutlibCallback use after dispose
2026-03-04 22:23:59,359 [1312855]   WARN - #com.android.tools.rendering.LayoutlibCallbackExDelegate - LayoutlibCallback use after dispose
2026-03-04 22:23:59,359 [1312855]   WARN - #com.android.tools.rendering.LayoutlibCallbackExDelegate - LayoutlibCallback use after dispose
2026-03-04 22:23:59,359 [1312855]   WARN - #com.android.tools.rendering.LayoutlibCallbackExDelegate - LayoutlibCallback use after dispose
2026-03-04 22:23:59,360 [1312856]   WARN - #com.android.tools.rendering.LayoutlibCallbackExDelegate - LayoutlibCallback use after dispose
2026-03-04 22:23:59,360 [1312856]   WARN - #com.android.tools.rendering.LayoutlibCallbackExDelegate - LayoutlibCallback use after dispose
2026-03-04 22:23:59,360 [1312856]   WARN - #com.android.tools.rendering.LayoutlibCallbackExDelegate - LayoutlibCallback use after dispose
2026-03-04 22:23:59,360 [1312856]   WARN - #com.android.tools.rendering.LayoutlibCallbackExDelegate - LayoutlibCallback use after dispose
2026-03-04 22:23:59,361 [1312857]   WARN - #com.android.tools.rendering.LayoutlibCallbackExDelegate - LayoutlibCallback use after dispose
2026-03-04 22:23:59,361 [1312857]   WARN - #com.android.tools.rendering.LayoutlibCallbackExDelegate - LayoutlibCallback use after dispose
2026-03-04 22:23:59,361 [1312857]   WARN - #com.android.tools.rendering.LayoutlibCallbackExDelegate - LayoutlibCallback use after dispose
2026-03-04 22:23:59,361 [1312857]   WARN - #com.android.tools.rendering.LayoutlibCallbackExDelegate - LayoutlibCallback use after dispose
2026-03-04 22:23:59,361 [1312857]   WARN - #com.android.tools.rendering.LayoutlibCallbackExDelegate - LayoutlibCallback use after dispose
2026-03-04 22:23:59,362 [1312858]   WARN - #com.android.tools.rendering.LayoutlibCallbackExDelegate - LayoutlibCallback use after dispose
2026-03-04 22:23:59,362 [1312858]   WARN - #com.android.tools.rendering.LayoutlibCallbackExDelegate - LayoutlibCallback use after dispose
2026-03-04 22:23:59,362 [1312858]   WARN - #com.android.tools.rendering.LayoutlibCallbackExDelegate - LayoutlibCallback use after dispose
2026-03-04 22:24:36,202 [1349698]   WARN - #com.android.tools.rendering.LayoutlibCallbackExDelegate - LayoutlibCallback use after dispose
2026-03-04 22:24:36,202 [1349698]   WARN - #com.android.tools.rendering.LayoutlibCallbackExDelegate - LayoutlibCallback use after dispose
2026-03-04 22:24:36,202 [1349698]   WARN - #com.android.tools.rendering.LayoutlibCallbackExDelegate - LayoutlibCallback use after dispose
2026-03-04 22:24:36,202 [1349698]   WARN - #com.android.tools.rendering.LayoutlibCallbackExDelegate - LayoutlibCallback use after dispose
2026-03-04 22:24:36,202 [1349698]   WARN - #com.android.tools.rendering.LayoutlibCallbackExDelegate - LayoutlibCallback use after dispose
2026-03-04 22:24:36,202 [1349698]   WARN - #com.android.tools.rendering.LayoutlibCallbackExDelegate - LayoutlibCallback use after dispose
2026-03-04 22:24:36,202 [1349698]   WARN - #com.android.tools.rendering.LayoutlibCallbackExDelegate - LayoutlibCallback use after dispose
2026-03-04 22:24:36,202 [1349698]   WARN - #com.android.tools.rendering.LayoutlibCallbackExDelegate - LayoutlibCallback use after dispose
2026-03-04 22:24:36,202 [1349698]   WARN - #com.android.tools.rendering.LayoutlibCallbackExDelegate - LayoutlibCallback use after dispose
2026-03-04 22:24:36,202 [1349698]   WARN - #com.android.tools.rendering.LayoutlibCallbackExDelegate - LayoutlibCallback use after dispose
2026-03-04 22:24:36,203 [1349699]   WARN - #com.android.tools.rendering.LayoutlibCallbackExDelegate - LayoutlibCallback use after dispose
2026-03-04 22:24:36,203 [1349699]   WARN - #com.android.tools.rendering.LayoutlibCallbackExDelegate - LayoutlibCallback use after dispose
2026-03-04 22:24:36,203 [1349699]   WARN - #com.android.tools.rendering.LayoutlibCallbackExDelegate - LayoutlibCallback use after dispose
2026-03-04 22:24:36,203 [1349699]   WARN - #com.android.tools.rendering.LayoutlibCallbackExDelegate - LayoutlibCallback use after dispose
2026-03-04 22:24:36,203 [1349699]   WARN - #com.android.tools.rendering.LayoutlibCallbackExDelegate - LayoutlibCallback use after dispose
2026-03-04 22:24:36,203 [1349699]   WARN - #com.android.tools.rendering.LayoutlibCallbackExDelegate - LayoutlibCallback use after dispose
2026-03-04 22:24:36,203 [1349699]   WARN - #com.android.tools.rendering.LayoutlibCallbackExDelegate - LayoutlibCallback use after dispose
2026-03-04 22:24:36,203 [1349699]   WARN - #com.android.tools.rendering.LayoutlibCallbackExDelegate - LayoutlibCallback use after dispose
2026-03-04 22:24:36,203 [1349699]   WARN - #com.android.tools.rendering.LayoutlibCallbackExDelegate - LayoutlibCallback use after dispose
2026-03-04 22:24:36,203 [1349699]   WARN - #com.android.tools.rendering.LayoutlibCallbackExDelegate - LayoutlibCallback use after dispose
2026-03-04 22:24:36,203 [1349699]   WARN - #com.android.tools.rendering.LayoutlibCallbackExDelegate - LayoutlibCallback use after dispose
2026-03-04 22:24:36,203 [1349699]   WARN - #com.android.tools.rendering.LayoutlibCallbackExDelegate - LayoutlibCallback use after dispose
2026-03-04 22:24:36,203 [1349699]   WARN - #com.android.tools.rendering.LayoutlibCallbackExDelegate - LayoutlibCallback use after dispose
2026-03-04 22:24:36,203 [1349699]   WARN - #com.android.tools.rendering.LayoutlibCallbackExDelegate - LayoutlibCallback use after dispose
2026-03-04 22:24:36,203 [1349699]   WARN - #com.android.tools.rendering.LayoutlibCallbackExDelegate - LayoutlibCallback use after dispose
2026-03-04 22:24:36,204 [1349700]   WARN - #com.android.tools.rendering.LayoutlibCallbackExDelegate - LayoutlibCallback use after dispose
2026-03-04 22:24:36,204 [1349700]   WARN - #com.android.tools.rendering.LayoutlibCallbackExDelegate - LayoutlibCallback use after dispose
2026-03-04 22:24:36,204 [1349700]   WARN - #com.android.tools.rendering.LayoutlibCallbackExDelegate - LayoutlibCallback use after dispose
2026-03-04 22:24:36,204 [1349700]   WARN - #com.android.tools.rendering.LayoutlibCallbackExDelegate - LayoutlibCallback use after dispose
2026-03-04 22:24:36,204 [1349700]   WARN - #com.android.tools.rendering.LayoutlibCallbackExDelegate - LayoutlibCallback use after dispose
2026-03-04 22:24:36,204 [1349700]   WARN - #com.android.tools.rendering.LayoutlibCallbackExDelegate - LayoutlibCallback use after dispose
2026-03-04 22:24:36,204 [1349700]   WARN - #com.android.tools.rendering.LayoutlibCallbackExDelegate - LayoutlibCallback use after dispose
2026-03-04 22:24:36,204 [1349700]   WARN - #com.android.tools.rendering.LayoutlibCallbackExDelegate - LayoutlibCallback use after dispose
2026-03-04 22:24:36,204 [1349700]   WARN - #com.android.tools.rendering.LayoutlibCallbackExDelegate - LayoutlibCallback use after dispose
2026-03-04 22:24:36,204 [1349700]   WARN - #com.android.tools.rendering.LayoutlibCallbackExDelegate - LayoutlibCallback use after dispose
2026-03-04 22:24:36,204 [1349700]   WARN - #com.android.tools.rendering.LayoutlibCallbackExDelegate - LayoutlibCallback use after dispose
2026-03-04 22:24:36,204 [1349700]   WARN - #com.android.tools.rendering.LayoutlibCallbackExDelegate - LayoutlibCallback use after dispose
2026-03-04 22:24:36,204 [1349700]   WARN - #com.android.tools.rendering.LayoutlibCallbackExDelegate - LayoutlibCallback use after dispose
2026-03-04 22:24:36,204 [1349700]   WARN - #com.android.tools.rendering.LayoutlibCallbackExDelegate - LayoutlibCallback use after dispose
2026-03-04 22:24:36,204 [1349700]   WARN - #com.android.tools.rendering.LayoutlibCallbackExDelegate - LayoutlibCallback use after dispose
2026-03-04 22:24:36,204 [1349700]   WARN - #com.android.tools.rendering.LayoutlibCallbackExDelegate - LayoutlibCallback use after dispose
2026-03-04 22:24:36,204 [1349700]   WARN - #com.android.tools.rendering.LayoutlibCallbackExDelegate - LayoutlibCallback use after dispose
2026-03-04 22:24:36,204 [1349700]   WARN - #com.android.tools.rendering.LayoutlibCallbackExDelegate - LayoutlibCallback use after dispose
2026-03-04 22:24:36,204 [1349700]   WARN - #com.android.tools.rendering.LayoutlibCallbackExDelegate - LayoutlibCallback use after dispose
2026-03-04 22:24:36,204 [1349700]   WARN - #com.android.tools.rendering.LayoutlibCallbackExDelegate - LayoutlibCallback use after dispose
2026-03-04 22:24:36,204 [1349700]   WARN - #com.android.tools.rendering.LayoutlibCallbackExDelegate - LayoutlibCallback use after dispose
2026-03-04 22:24:36,204 [1349700]   WARN - #com.android.tools.rendering.LayoutlibCallbackExDelegate - LayoutlibCallback use after dispose
2026-03-04 22:24:36,204 [1349700]   WARN - #com.android.tools.rendering.LayoutlibCallbackExDelegate - LayoutlibCallback use after dispose
2026-03-04 22:24:36,204 [1349700]   WARN - #com.android.tools.rendering.LayoutlibCallbackExDelegate - LayoutlibCallback use after dispose
2026-03-04 22:24:36,204 [1349700]   WARN - #com.android.tools.rendering.LayoutlibCallbackExDelegate - LayoutlibCallback use after dispose
2026-03-04 22:24:36,204 [1349700]   WARN - #com.android.tools.rendering.LayoutlibCallbackExDelegate - LayoutlibCallback use after dispose
2026-03-04 22:24:36,204 [1349700]   WARN - #com.android.tools.rendering.LayoutlibCallbackExDelegate - LayoutlibCallback use after dispose
2026-03-04 22:24:36,204 [1349700]   WARN - #com.android.tools.rendering.LayoutlibCallbackExDelegate - LayoutlibCallback use after dispose
2026-03-04 22:24:36,204 [1349700]   WARN - #com.android.tools.rendering.LayoutlibCallbackExDelegate - LayoutlibCallback use after dispose
2026-03-04 22:24:36,204 [1349700]   WARN - #com.android.tools.rendering.LayoutlibCallbackExDelegate - LayoutlibCallback use after dispose
2026-03-04 22:24:36,204 [1349700]   WARN - #com.android.tools.rendering.LayoutlibCallbackExDelegate - LayoutlibCallback use after dispose
2026-03-04 22:24:36,204 [1349700]   WARN - #com.android.tools.rendering.LayoutlibCallbackExDelegate - LayoutlibCallback use after dispose
2026-03-04 22:24:36,204 [1349700]   WARN - #com.android.tools.rendering.LayoutlibCallbackExDelegate - LayoutlibCallback use after dispose
2026-03-04 22:24:36,204 [1349700]   WARN - #com.android.tools.rendering.LayoutlibCallbackExDelegate - LayoutlibCallback use after dispose
2026-03-04 22:24:36,204 [1349700]   WARN - #com.android.tools.rendering.LayoutlibCallbackExDelegate - LayoutlibCallback use after dispose
2026-03-04 22:24:36,204 [1349700]   WARN - #com.android.tools.rendering.LayoutlibCallbackExDelegate - LayoutlibCallback use after dispose
2026-03-04 22:24:36,204 [1349700]   WARN - #com.android.tools.rendering.LayoutlibCallbackExDelegate - LayoutlibCallback use after dispose
2026-03-04 22:24:36,204 [1349700]   WARN - #com.android.tools.rendering.LayoutlibCallbackExDelegate - LayoutlibCallback use after dispose
2026-03-04 22:24:36,204 [1349700]   WARN - #com.android.tools.rendering.LayoutlibCallbackExDelegate - LayoutlibCallback use after dispose
2026-03-04 22:24:36,204 [1349700]   WARN - #com.android.tools.rendering.LayoutlibCallbackExDelegate - LayoutlibCallback use after dispose
2026-03-04 22:24:36,204 [1349700]   WARN - #com.android.tools.rendering.LayoutlibCallbackExDelegate - LayoutlibCallback use after dispose
2026-03-04 22:24:36,204 [1349700]   WARN - #com.android.tools.rendering.LayoutlibCallbackExDelegate - LayoutlibCallback use after dispose
2026-03-04 22:24:36,204 [1349700]   WARN - #com.android.tools.rendering.LayoutlibCallbackExDelegate - LayoutlibCallback use after dispose
2026-03-04 22:24:36,204 [1349700]   WARN - #com.android.tools.rendering.LayoutlibCallbackExDelegate - LayoutlibCallback use after dispose
2026-03-04 22:24:36,204 [1349700]   WARN - #com.android.tools.rendering.LayoutlibCallbackExDelegate - LayoutlibCallback use after dispose
2026-03-04 22:24:36,204 [1349700]   WARN - #com.android.tools.rendering.LayoutlibCallbackExDelegate - LayoutlibCallback use after dispose
2026-03-04 22:24:36,204 [1349700]   WARN - #com.android.tools.rendering.LayoutlibCallbackExDelegate - LayoutlibCallback use after dispose
2026-03-04 22:24:36,204 [1349700]   WARN - #com.android.tools.rendering.LayoutlibCallbackExDelegate - LayoutlibCallback use after dispose
2026-03-04 22:24:36,204 [1349700]   WARN - #com.android.tools.rendering.LayoutlibCallbackExDelegate - LayoutlibCallback use after dispose
2026-03-04 22:24:36,204 [1349700]   WARN - #com.android.tools.rendering.LayoutlibCallbackExDelegate - LayoutlibCallback use after dispose
2026-03-04 22:24:36,204 [1349700]   WARN - #com.android.tools.rendering.LayoutlibCallbackExDelegate - LayoutlibCallback use after dispose
2026-03-04 22:24:36,204 [1349700]   WARN - #com.android.tools.rendering.LayoutlibCallbackExDelegate - LayoutlibCallback use after dispose
2026-03-04 22:24:36,204 [1349700]   WARN - #com.android.tools.rendering.LayoutlibCallbackExDelegate - LayoutlibCallback use after dispose
2026-03-04 22:24:36,205 [1349701]   WARN - #com.android.tools.rendering.LayoutlibCallbackExDelegate - LayoutlibCallback use after dispose
2026-03-04 22:24:36,205 [1349701]   WARN - #com.android.tools.rendering.LayoutlibCallbackExDelegate - LayoutlibCallback use after dispose
2026-03-04 22:24:36,205 [1349701]   WARN - #com.android.tools.rendering.LayoutlibCallbackExDelegate - LayoutlibCallback use after dispose
2026-03-04 22:24:36,205 [1349701]   WARN - #com.android.tools.rendering.LayoutlibCallbackExDelegate - LayoutlibCallback use after dispose
2026-03-04 22:24:36,205 [1349701]   WARN - #com.android.tools.rendering.LayoutlibCallbackExDelegate - LayoutlibCallback use after dispose
2026-03-04 22:24:36,205 [1349701]   WARN - #com.android.tools.rendering.LayoutlibCallbackExDelegate - LayoutlibCallback use after dispose
2026-03-04 22:24:36,205 [1349701]   WARN - #com.android.tools.rendering.LayoutlibCallbackExDelegate - LayoutlibCallback use after dispose
2026-03-04 22:24:36,205 [1349701]   WARN - #com.android.tools.rendering.LayoutlibCallbackExDelegate - LayoutlibCallback use after dispose
2026-03-04 22:24:36,205 [1349701]   WARN - #com.android.tools.rendering.LayoutlibCallbackExDelegate - LayoutlibCallback use after dispose
2026-03-04 22:24:36,205 [1349701]   WARN - #com.android.tools.rendering.LayoutlibCallbackExDelegate - LayoutlibCallback use after dispose
2026-03-04 22:24:36,205 [1349701]   WARN - #com.android.tools.rendering.LayoutlibCallbackExDelegate - LayoutlibCallback use after dispose
2026-03-04 22:24:36,205 [1349701]   WARN - #com.android.tools.rendering.LayoutlibCallbackExDelegate - LayoutlibCallback use after dispose
2026-03-04 22:24:36,205 [1349701]   WARN - #com.android.tools.rendering.LayoutlibCallbackExDelegate - LayoutlibCallback use after dispose
2026-03-04 22:24:36,205 [1349701]   WARN - #com.android.tools.rendering.LayoutlibCallbackExDelegate - LayoutlibCallback use after dispose
2026-03-04 22:24:36,205 [1349701]   WARN - #com.android.tools.rendering.LayoutlibCallbackExDelegate - LayoutlibCallback use after dispose
2026-03-04 22:24:36,205 [1349701]   WARN - #com.android.tools.rendering.LayoutlibCallbackExDelegate - LayoutlibCallback use after dispose
2026-03-04 22:24:36,205 [1349701]   WARN - #com.android.tools.rendering.LayoutlibCallbackExDelegate - LayoutlibCallback use after dispose
2026-03-04 22:24:36,205 [1349701]   WARN - #com.android.tools.rendering.LayoutlibCallbackExDelegate - LayoutlibCallback use after dispose
2026-03-04 22:24:36,205 [1349701]   WARN - #com.android.tools.rendering.LayoutlibCallbackExDelegate - LayoutlibCallback use after dispose
2026-03-04 22:24:36,205 [1349701]   WARN - #com.android.tools.rendering.LayoutlibCallbackExDelegate - LayoutlibCallback use after dispose
2026-03-04 22:24:36,205 [1349701]   WARN - #com.android.tools.rendering.LayoutlibCallbackExDelegate - LayoutlibCallback use after dispose
2026-03-04 22:24:36,205 [1349701]   WARN - #com.android.tools.rendering.LayoutlibCallbackExDelegate - LayoutlibCallback use after dispose
2026-03-04 22:24:36,205 [1349701]   WARN - #com.android.tools.rendering.LayoutlibCallbackExDelegate - LayoutlibCallback use after dispose
2026-03-04 22:24:36,205 [1349701]   WARN - #com.android.tools.rendering.LayoutlibCallbackExDelegate - LayoutlibCallback use after dispose
2026-03-04 22:24:36,205 [1349701]   WARN - #com.android.tools.rendering.LayoutlibCallbackExDelegate - LayoutlibCallback use after dispose
2026-03-04 22:24:36,205 [1349701]   WARN - #com.android.tools.rendering.LayoutlibCallbackExDelegate - LayoutlibCallback use after dispose
2026-03-04 22:24:36,205 [1349701]   WARN - #com.android.tools.rendering.LayoutlibCallbackExDelegate - LayoutlibCallback use after dispose
2026-03-04 22:24:36,205 [1349701]   WARN - #com.android.tools.rendering.LayoutlibCallbackExDelegate - LayoutlibCallback use after dispose
2026-03-04 22:24:36,205 [1349701]   WARN - #com.android.tools.rendering.LayoutlibCallbackExDelegate - LayoutlibCallback use after dispose
2026-03-04 22:24:36,205 [1349701]   WARN - #com.android.tools.rendering.LayoutlibCallbackExDelegate - LayoutlibCallback use after dispose
2026-03-04 22:24:36,205 [1349701]   WARN - #com.android.tools.rendering.LayoutlibCallbackExDelegate - LayoutlibCallback use after dispose
2026-03-04 22:24:36,205 [1349701]   WARN - #com.android.tools.rendering.LayoutlibCallbackExDelegate - LayoutlibCallback use after dispose
2026-03-04 22:24:36,205 [1349701]   WARN - #com.android.tools.rendering.LayoutlibCallbackExDelegate - LayoutlibCallback use after dispose
2026-03-04 22:24:36,205 [1349701]   WARN - #com.android.tools.rendering.LayoutlibCallbackExDelegate - LayoutlibCallback use after dispose
2026-03-04 22:24:36,205 [1349701]   WARN - #com.android.tools.rendering.LayoutlibCallbackExDelegate - LayoutlibCallback use after dispose
2026-03-04 22:24:36,205 [1349701]   WARN - #com.android.tools.rendering.LayoutlibCallbackExDelegate - LayoutlibCallback use after dispose
2026-03-04 22:24:36,206 [1349702]   WARN - #com.android.tools.rendering.LayoutlibCallbackExDelegate - LayoutlibCallback use after dispose
2026-03-04 22:24:36,206 [1349702]   WARN - #com.android.tools.rendering.LayoutlibCallbackExDelegate - LayoutlibCallback use after dispose
2026-03-04 22:24:36,206 [1349702]   WARN - #com.android.tools.rendering.LayoutlibCallbackExDelegate - LayoutlibCallback use after dispose
2026-03-04 22:24:36,206 [1349702]   WARN - #com.android.tools.rendering.LayoutlibCallbackExDelegate - LayoutlibCallback use after dispose
2026-03-04 22:24:36,206 [1349702]   WARN - #com.android.tools.rendering.LayoutlibCallbackExDelegate - LayoutlibCallback use after dispose
2026-03-04 22:24:36,206 [1349702]   WARN - #com.android.tools.rendering.LayoutlibCallbackExDelegate - LayoutlibCallback use after dispose
2026-03-04 22:24:36,207 [1349703]   WARN - #com.android.tools.rendering.LayoutlibCallbackExDelegate - LayoutlibCallback use after dispose
2026-03-04 22:24:36,207 [1349703]   WARN - #com.android.tools.rendering.LayoutlibCallbackExDelegate - LayoutlibCallback use after dispose
2026-03-04 22:24:36,207 [1349703]   WARN - #com.android.tools.rendering.LayoutlibCallbackExDelegate - LayoutlibCallback use after dispose
2026-03-04 22:24:36,207 [1349703]   WARN - #com.android.tools.rendering.LayoutlibCallbackExDelegate - LayoutlibCallback use after dispose
2026-03-04 22:24:36,207 [1349703]   WARN - #com.android.tools.rendering.LayoutlibCallbackExDelegate - LayoutlibCallback use after dispose
2026-03-04 22:24:36,207 [1349703]   WARN - #com.android.tools.rendering.LayoutlibCallbackExDelegate - LayoutlibCallback use after dispose
2026-03-04 22:24:36,207 [1349703]   WARN - #com.android.tools.rendering.LayoutlibCallbackExDelegate - LayoutlibCallback use after dispose
2026-03-04 22:24:36,207 [1349703]   WARN - #com.android.tools.rendering.LayoutlibCallbackExDelegate - LayoutlibCallback use after dispose
2026-03-04 22:24:36,207 [1349703]   WARN - #com.android.tools.rendering.LayoutlibCallbackExDelegate - LayoutlibCallback use after dispose
2026-03-04 22:24:36,207 [1349703]   WARN - #com.android.tools.rendering.LayoutlibCallbackExDelegate - LayoutlibCallback use after dispose
2026-03-04 22:24:36,207 [1349703]   WARN - #com.android.tools.rendering.LayoutlibCallbackExDelegate - LayoutlibCallback use after dispose
2026-03-04 22:24:36,208 [1349704]   WARN - #com.android.tools.rendering.LayoutlibCallbackExDelegate - LayoutlibCallback use after dispose
2026-03-04 22:24:36,208 [1349704]   WARN - #com.android.tools.rendering.LayoutlibCallbackExDelegate - LayoutlibCallback use after dispose
2026-03-04 22:24:36,208 [1349704]   WARN - #com.android.tools.rendering.LayoutlibCallbackExDelegate - LayoutlibCallback use after dispose
2026-03-04 22:24:36,208 [1349704]   WARN - #com.android.tools.rendering.LayoutlibCallbackExDelegate - LayoutlibCallback use after dispose
2026-03-04 22:24:36,208 [1349704]   WARN - #com.android.tools.rendering.LayoutlibCallbackExDelegate - LayoutlibCallback use after dispose
2026-03-04 22:24:36,208 [1349704]   WARN - #com.android.tools.rendering.LayoutlibCallbackExDelegate - LayoutlibCallback use after dispose
2026-03-04 22:24:36,209 [1349705]   WARN - #com.android.tools.rendering.LayoutlibCallbackExDelegate - LayoutlibCallback use after dispose
2026-03-04 22:24:36,209 [1349705]   WARN - #com.android.tools.rendering.LayoutlibCallbackExDelegate - LayoutlibCallback use after dispose
2026-03-04 22:24:36,209 [1349705]   WARN - #com.android.tools.rendering.LayoutlibCallbackExDelegate - LayoutlibCallback use after dispose
2026-03-04 22:24:36,209 [1349705]   WARN - #com.android.tools.rendering.LayoutlibCallbackExDelegate - LayoutlibCallback use after dispose
2026-03-04 22:24:36,209 [1349705]   WARN - #com.android.tools.rendering.LayoutlibCallbackExDelegate - LayoutlibCallback use after dispose
2026-03-04 22:24:36,209 [1349705]   WARN - #com.android.tools.rendering.LayoutlibCallbackExDelegate - LayoutlibCallback use after dispose
2026-03-04 22:24:36,209 [1349705]   WARN - #com.android.tools.rendering.LayoutlibCallbackExDelegate - LayoutlibCallback use after dispose
2026-03-04 22:24:36,209 [1349705]   WARN - #com.android.tools.rendering.LayoutlibCallbackExDelegate - LayoutlibCallback use after dispose
2026-03-04 22:24:36,210 [1349706]   WARN - #com.android.tools.rendering.LayoutlibCallbackExDelegate - LayoutlibCallback use after dispose
2026-03-04 22:24:36,210 [1349706]   WARN - #com.android.tools.rendering.LayoutlibCallbackExDelegate - LayoutlibCallback use after dispose
2026-03-04 22:24:36,210 [1349706]   WARN - #com.android.tools.rendering.LayoutlibCallbackExDelegate - LayoutlibCallback use after dispose
2026-03-04 22:24:36,210 [1349706]   WARN - #com.android.tools.rendering.LayoutlibCallbackExDelegate - LayoutlibCallback use after dispose
2026-03-04 22:24:36,210 [1349706]   WARN - #com.android.tools.rendering.LayoutlibCallbackExDelegate - LayoutlibCallback use after dispose
2026-03-04 22:24:36,210 [1349706]   WARN - #com.android.tools.rendering.LayoutlibCallbackExDelegate - LayoutlibCallback use after dispose
2026-03-04 22:24:36,210 [1349706]   WARN - #com.android.tools.rendering.LayoutlibCallbackExDelegate - LayoutlibCallback use after dispose
2026-03-04 22:24:36,210 [1349706]   WARN - #com.android.tools.rendering.LayoutlibCallbackExDelegate - LayoutlibCallback use after dispose
2026-03-04 22:24:36,210 [1349706]   WARN - #com.android.tools.rendering.LayoutlibCallbackExDelegate - LayoutlibCallback use after dispose
2026-03-04 22:24:36,210 [1349706]   WARN - #com.android.tools.rendering.LayoutlibCallbackExDelegate - LayoutlibCallback use after dispose
2026-03-04 22:24:36,210 [1349706]   WARN - #com.android.tools.rendering.LayoutlibCallbackExDelegate - LayoutlibCallback use after dispose
2026-03-04 22:24:36,210 [1349706]   WARN - #com.android.tools.rendering.LayoutlibCallbackExDelegate - LayoutlibCallback use after dispose
2026-03-04 22:24:36,210 [1349706]   WARN - #com.android.tools.rendering.LayoutlibCallbackExDelegate - LayoutlibCallback use after dispose
2026-03-04 22:24:36,210 [1349706]   WARN - #com.android.tools.rendering.LayoutlibCallbackExDelegate - LayoutlibCallback use after dispose
2026-03-04 22:24:36,210 [1349706]   WARN - #com.android.tools.rendering.LayoutlibCallbackExDelegate - LayoutlibCallback use after dispose
2026-03-04 22:24:36,210 [1349706]   WARN - #com.android.tools.rendering.LayoutlibCallbackExDelegate - LayoutlibCallback use after dispose
2026-03-04 22:24:36,210 [1349706]   WARN - #com.android.tools.rendering.LayoutlibCallbackExDelegate - LayoutlibCallback use after dispose
2026-03-04 22:24:36,210 [1349706]   WARN - #com.android.tools.rendering.LayoutlibCallbackExDelegate - LayoutlibCallback use after dispose
2026-03-04 22:24:36,210 [1349706]   WARN - #com.android.tools.rendering.LayoutlibCallbackExDelegate - LayoutlibCallback use after dispose
2026-03-04 22:24:36,210 [1349706]   WARN - #com.android.tools.rendering.LayoutlibCallbackExDelegate - LayoutlibCallback use after dispose
2026-03-04 22:24:36,210 [1349706]   WARN - #com.android.tools.rendering.LayoutlibCallbackExDelegate - LayoutlibCallback use after dispose
2026-03-04 22:24:36,210 [1349706]   WARN - #com.android.tools.rendering.LayoutlibCallbackExDelegate - LayoutlibCallback use after dispose
2026-03-04 22:24:36,210 [1349706]   WARN - #com.android.tools.rendering.LayoutlibCallbackExDelegate - LayoutlibCallback use after dispose
2026-03-04 22:24:36,210 [1349706]   WARN - #com.android.tools.rendering.LayoutlibCallbackExDelegate - LayoutlibCallback use after dispose
2026-03-04 22:24:36,210 [1349706]   WARN - #com.android.tools.rendering.LayoutlibCallbackExDelegate - LayoutlibCallback use after dispose
2026-03-04 22:24:36,210 [1349706]   WARN - #com.android.tools.rendering.LayoutlibCallbackExDelegate - LayoutlibCallback use after dispose
2026-03-04 22:24:36,210 [1349706]   WARN - #com.android.tools.rendering.LayoutlibCallbackExDelegate - LayoutlibCallback use after dispose
2026-03-04 22:24:36,210 [1349706]   WARN - #com.android.tools.rendering.LayoutlibCallbackExDelegate - LayoutlibCallback use after dispose
2026-03-04 22:24:36,210 [1349706]   WARN - #com.android.tools.rendering.LayoutlibCallbackExDelegate - LayoutlibCallback use after dispose
2026-03-04 22:24:36,210 [1349706]   WARN - #com.android.tools.rendering.LayoutlibCallbackExDelegate - LayoutlibCallback use after dispose
2026-03-04 22:24:36,210 [1349706]   WARN - #com.android.tools.rendering.LayoutlibCallbackExDelegate - LayoutlibCallback use after dispose
2026-03-04 22:24:36,210 [1349706]   WARN - #com.android.tools.rendering.LayoutlibCallbackExDelegate - LayoutlibCallback use after dispose
2026-03-04 22:24:36,210 [1349706]   WARN - #com.android.tools.rendering.LayoutlibCallbackExDelegate - LayoutlibCallback use after dispose
2026-03-04 22:24:36,210 [1349706]   WARN - #com.android.tools.rendering.LayoutlibCallbackExDelegate - LayoutlibCallback use after dispose
2026-03-04 22:24:36,210 [1349706]   WARN - #com.android.tools.rendering.LayoutlibCallbackExDelegate - LayoutlibCallback use after dispose
2026-03-04 22:24:36,210 [1349706]   WARN - #com.android.tools.rendering.LayoutlibCallbackExDelegate - LayoutlibCallback use after dispose
2026-03-04 22:24:36,210 [1349706]   WARN - #com.android.tools.rendering.LayoutlibCallbackExDelegate - LayoutlibCallback use after dispose
2026-03-04 22:24:36,210 [1349706]   WARN - #com.android.tools.rendering.LayoutlibCallbackExDelegate - LayoutlibCallback use after dispose
2026-03-04 22:24:36,210 [1349706]   WARN - #com.android.tools.rendering.LayoutlibCallbackExDelegate - LayoutlibCallback use after dispose
2026-03-04 22:24:36,210 [1349706]   WARN - #com.android.tools.rendering.LayoutlibCallbackExDelegate - LayoutlibCallback use after dispose
2026-03-04 22:24:36,210 [1349706]   WARN - #com.android.tools.rendering.LayoutlibCallbackExDelegate - LayoutlibCallback use after dispose
2026-03-04 22:24:36,210 [1349706]   WARN - #com.android.tools.rendering.LayoutlibCallbackExDelegate - LayoutlibCallback use after dispose
2026-03-04 22:24:36,210 [1349706]   WARN - #com.android.tools.rendering.LayoutlibCallbackExDelegate - LayoutlibCallback use after dispose
2026-03-04 22:24:36,210 [1349706]   WARN - #com.android.tools.rendering.LayoutlibCallbackExDelegate - LayoutlibCallback use after dispose
2026-03-04 22:24:36,210 [1349706]   WARN - #com.android.tools.rendering.LayoutlibCallbackExDelegate - LayoutlibCallback use after dispose
2026-03-04 22:24:36,210 [1349706]   WARN - #com.android.tools.rendering.LayoutlibCallbackExDelegate - LayoutlibCallback use after dispose
2026-03-04 22:24:36,210 [1349706]   WARN - #com.android.tools.rendering.LayoutlibCallbackExDelegate - LayoutlibCallback use after dispose
2026-03-04 22:24:36,210 [1349706]   WARN - #com.android.tools.rendering.LayoutlibCallbackExDelegate - LayoutlibCallback use after dispose
2026-03-04 22:24:36,210 [1349706]   WARN - #com.android.tools.rendering.LayoutlibCallbackExDelegate - LayoutlibCallback use after dispose
2026-03-04 22:24:36,210 [1349706]   WARN - #com.android.tools.rendering.LayoutlibCallbackExDelegate - LayoutlibCallback use after dispose
2026-03-04 22:24:36,210 [1349706]   WARN - #com.android.tools.rendering.LayoutlibCallbackExDelegate - LayoutlibCallback use after dispose
2026-03-04 22:24:36,210 [1349706]   WARN - #com.android.tools.rendering.LayoutlibCallbackExDelegate - LayoutlibCallback use after dispose
2026-03-04 22:24:36,210 [1349706]   WARN - #com.android.tools.rendering.LayoutlibCallbackExDelegate - LayoutlibCallback use after dispose
2026-03-04 22:24:36,210 [1349706]   WARN - #com.android.tools.rendering.LayoutlibCallbackExDelegate - LayoutlibCallback use after dispose
2026-03-04 22:24:36,211 [1349707]   WARN - #com.android.tools.rendering.LayoutlibCallbackExDelegate - LayoutlibCallback use after dispose
2026-03-04 22:24:36,211 [1349707]   WARN - #com.android.tools.rendering.LayoutlibCallbackExDelegate - LayoutlibCallback use after dispose
2026-03-04 22:24:36,211 [1349707]   WARN - #com.android.tools.rendering.LayoutlibCallbackExDelegate - LayoutlibCallback use after dispose
2026-03-04 22:24:36,211 [1349707]   WARN - #com.android.tools.rendering.LayoutlibCallbackExDelegate - LayoutlibCallback use after dispose
2026-03-04 22:24:36,211 [1349707]   WARN - #com.android.tools.rendering.LayoutlibCallbackExDelegate - LayoutlibCallback use after dispose
2026-03-04 22:24:36,211 [1349707]   WARN - #com.android.tools.rendering.LayoutlibCallbackExDelegate - LayoutlibCallback use after dispose
2026-03-04 22:24:36,211 [1349707]   WARN - #com.android.tools.rendering.LayoutlibCallbackExDelegate - LayoutlibCallback use after dispose
2026-03-04 22:24:36,211 [1349707]   WARN - #com.android.tools.rendering.LayoutlibCallbackExDelegate - LayoutlibCallback use after dispose
2026-03-04 22:24:36,211 [1349707]   WARN - #com.android.tools.rendering.LayoutlibCallbackExDelegate - LayoutlibCallback use after dispose
2026-03-04 22:24:36,211 [1349707]   WARN - #com.android.tools.rendering.LayoutlibCallbackExDelegate - LayoutlibCallback use after dispose
2026-03-04 22:24:36,211 [1349707]   WARN - #com.android.tools.rendering.LayoutlibCallbackExDelegate - LayoutlibCallback use after dispose
2026-03-04 22:24:36,211 [1349707]   WARN - #com.android.tools.rendering.LayoutlibCallbackExDelegate - LayoutlibCallback use after dispose
2026-03-04 22:24:36,211 [1349707]   WARN - #com.android.tools.rendering.LayoutlibCallbackExDelegate - LayoutlibCallback use after dispose
2026-03-04 22:24:36,211 [1349707]   WARN - #com.android.tools.rendering.LayoutlibCallbackExDelegate - LayoutlibCallback use after dispose
2026-03-04 22:24:36,211 [1349707]   WARN - #com.android.tools.rendering.LayoutlibCallbackExDelegate - LayoutlibCallback use after dispose
2026-03-04 22:24:36,211 [1349707]   WARN - #com.android.tools.rendering.LayoutlibCallbackExDelegate - LayoutlibCallback use after dispose
2026-03-04 22:24:36,211 [1349707]   WARN - #com.android.tools.rendering.LayoutlibCallbackExDelegate - LayoutlibCallback use after dispose
2026-03-04 22:24:36,211 [1349707]   WARN - #com.android.tools.rendering.LayoutlibCallbackExDelegate - LayoutlibCallback use after dispose
2026-03-04 22:24:36,211 [1349707]   WARN - #com.android.tools.rendering.LayoutlibCallbackExDelegate - LayoutlibCallback use after dispose
2026-03-04 22:24:36,211 [1349707]   WARN - #com.android.tools.rendering.LayoutlibCallbackExDelegate - LayoutlibCallback use after dispose
2026-03-04 22:24:36,211 [1349707]   WARN - #com.android.tools.rendering.LayoutlibCallbackExDelegate - LayoutlibCallback use after dispose
2026-03-04 22:24:36,211 [1349707]   WARN - #com.android.tools.rendering.LayoutlibCallbackExDelegate - LayoutlibCallback use after dispose
2026-03-04 22:24:36,212 [1349708]   WARN - #com.android.tools.rendering.LayoutlibCallbackExDelegate - LayoutlibCallback use after dispose
2026-03-04 22:24:36,212 [1349708]   WARN - #com.android.tools.rendering.LayoutlibCallbackExDelegate - LayoutlibCallback use after dispose
2026-03-04 22:24:36,212 [1349708]   WARN - #com.android.tools.rendering.LayoutlibCallbackExDelegate - LayoutlibCallback use after dispose
2026-03-04 22:24:36,212 [1349708]   WARN - #com.android.tools.rendering.LayoutlibCallbackExDelegate - LayoutlibCallback use after dispose
2026-03-04 22:24:36,212 [1349708]   WARN - #com.android.tools.rendering.LayoutlibCallbackExDelegate - LayoutlibCallback use after dispose
2026-03-04 22:24:36,212 [1349708]   WARN - #com.android.tools.rendering.LayoutlibCallbackExDelegate - LayoutlibCallback use after dispose
2026-03-04 22:24:36,212 [1349708]   WARN - #com.android.tools.rendering.LayoutlibCallbackExDelegate - LayoutlibCallback use after dispose
2026-03-04 22:24:36,212 [1349708]   WARN - #com.android.tools.rendering.LayoutlibCallbackExDelegate - LayoutlibCallback use after dispose
2026-03-04 22:24:36,212 [1349708]   WARN - #com.android.tools.rendering.LayoutlibCallbackExDelegate - LayoutlibCallback use after dispose
2026-03-04 22:24:36,212 [1349708]   WARN - #com.android.tools.rendering.LayoutlibCallbackExDelegate - LayoutlibCallback use after dispose
2026-03-04 22:24:36,212 [1349708]   WARN - #com.android.tools.rendering.LayoutlibCallbackExDelegate - LayoutlibCallback use after dispose
2026-03-04 22:24:36,212 [1349708]   WARN - #com.android.tools.rendering.LayoutlibCallbackExDelegate - LayoutlibCallback use after dispose
2026-03-04 22:24:36,212 [1349708]   WARN - #com.android.tools.rendering.LayoutlibCallbackExDelegate - LayoutlibCallback use after dispose
2026-03-04 22:24:36,212 [1349708]   WARN - #com.android.tools.rendering.LayoutlibCallbackExDelegate - LayoutlibCallback use after dispose
2026-03-04 22:24:36,212 [1349708]   WARN - #com.android.tools.rendering.LayoutlibCallbackExDelegate - LayoutlibCallback use after dispose
2026-03-04 22:24:36,212 [1349708]   WARN - #com.android.tools.rendering.LayoutlibCallbackExDelegate - LayoutlibCallback use after dispose
2026-03-04 22:24:36,212 [1349708]   WARN - #com.android.tools.rendering.LayoutlibCallbackExDelegate - LayoutlibCallback use after dispose
2026-03-04 22:24:36,212 [1349708]   WARN - #com.android.tools.rendering.LayoutlibCallbackExDelegate - LayoutlibCallback use after dispose
2026-03-04 22:24:36,212 [1349708]   WARN - #com.android.tools.rendering.LayoutlibCallbackExDelegate - LayoutlibCallback use after dispose
2026-03-04 22:24:36,212 [1349708]   WARN - #com.android.tools.rendering.LayoutlibCallbackExDelegate - LayoutlibCallback use after dispose
2026-03-04 22:24:36,212 [1349708]   WARN - #com.android.tools.rendering.LayoutlibCallbackExDelegate - LayoutlibCallback use after dispose
2026-03-04 22:24:36,212 [1349708]   WARN - #com.android.tools.rendering.LayoutlibCallbackExDelegate - LayoutlibCallback use after dispose
2026-03-04 22:24:36,212 [1349708]   WARN - #com.android.tools.rendering.LayoutlibCallbackExDelegate - LayoutlibCallback use after dispose
2026-03-04 22:24:36,212 [1349708]   WARN - #com.android.tools.rendering.LayoutlibCallbackExDelegate - LayoutlibCallback use after dispose
2026-03-04 22:24:36,212 [1349708]   WARN - #com.android.tools.rendering.LayoutlibCallbackExDelegate - LayoutlibCallback use after dispose
2026-03-04 22:25:07,617 [1381113]   WARN - #com.android.tools.rendering.LayoutlibCallbackExDelegate - LayoutlibCallback use after dispose
2026-03-04 22:25:07,617 [1381113]   WARN - #com.android.tools.rendering.LayoutlibCallbackExDelegate - LayoutlibCallback use after dispose
2026-03-04 22:25:07,617 [1381113]   WARN - #com.android.tools.rendering.LayoutlibCallbackExDelegate - LayoutlibCallback use after dispose
2026-03-04 22:25:07,617 [1381113]   WARN - #com.android.tools.rendering.LayoutlibCallbackExDelegate - LayoutlibCallback use after dispose
2026-03-04 22:25:07,617 [1381113]   WARN - #com.android.tools.rendering.LayoutlibCallbackExDelegate - LayoutlibCallback use after dispose
2026-03-04 22:25:07,617 [1381113]   WARN - #com.android.tools.rendering.LayoutlibCallbackExDelegate - LayoutlibCallback use after dispose
2026-03-04 22:25:07,617 [1381113]   WARN - #com.android.tools.rendering.LayoutlibCallbackExDelegate - LayoutlibCallback use after dispose
2026-03-04 22:25:07,617 [1381113]   WARN - #com.android.tools.rendering.LayoutlibCallbackExDelegate - LayoutlibCallback use after dispose
2026-03-04 22:25:07,617 [1381113]   WARN - #com.android.tools.rendering.LayoutlibCallbackExDelegate - LayoutlibCallback use after dispose
2026-03-04 22:25:07,617 [1381113]   WARN - #com.android.tools.rendering.LayoutlibCallbackExDelegate - LayoutlibCallback use after dispose
2026-03-04 22:25:07,617 [1381113]   WARN - #com.android.tools.rendering.LayoutlibCallbackExDelegate - LayoutlibCallback use after dispose
2026-03-04 22:25:07,617 [1381113]   WARN - #com.android.tools.rendering.LayoutlibCallbackExDelegate - LayoutlibCallback use after dispose
2026-03-04 22:25:07,617 [1381113]   WARN - #com.android.tools.rendering.LayoutlibCallbackExDelegate - LayoutlibCallback use after dispose
2026-03-04 22:25:07,617 [1381113]   WARN - #com.android.tools.rendering.LayoutlibCallbackExDelegate - LayoutlibCallback use after dispose
2026-03-04 22:25:07,617 [1381113]   WARN - #com.android.tools.rendering.LayoutlibCallbackExDelegate - LayoutlibCallback use after dispose
2026-03-04 22:25:07,617 [1381113]   WARN - #com.android.tools.rendering.LayoutlibCallbackExDelegate - LayoutlibCallback use after dispose
2026-03-04 22:25:07,617 [1381113]   WARN - #com.android.tools.rendering.LayoutlibCallbackExDelegate - LayoutlibCallback use after dispose
2026-03-04 22:25:07,617 [1381113]   WARN - #com.android.tools.rendering.LayoutlibCallbackExDelegate - LayoutlibCallback use after dispose
2026-03-04 22:25:07,617 [1381113]   WARN - #com.android.tools.rendering.LayoutlibCallbackExDelegate - LayoutlibCallback use after dispose
2026-03-04 22:25:07,617 [1381113]   WARN - #com.android.tools.rendering.LayoutlibCallbackExDelegate - LayoutlibCallback use after dispose
2026-03-04 22:25:07,617 [1381113]   WARN - #com.android.tools.rendering.LayoutlibCallbackExDelegate - LayoutlibCallback use after dispose
2026-03-04 22:25:07,617 [1381113]   WARN - #com.android.tools.rendering.LayoutlibCallbackExDelegate - LayoutlibCallback use after dispose
2026-03-04 22:25:07,617 [1381113]   WARN - #com.android.tools.rendering.LayoutlibCallbackExDelegate - LayoutlibCallback use after dispose
2026-03-04 22:25:07,617 [1381113]   WARN - #com.android.tools.rendering.LayoutlibCallbackExDelegate - LayoutlibCallback use after dispose
2026-03-04 22:25:07,617 [1381113]   WARN - #com.android.tools.rendering.LayoutlibCallbackExDelegate - LayoutlibCallback use after dispose
2026-03-04 22:25:07,617 [1381113]   WARN - #com.android.tools.rendering.LayoutlibCallbackExDelegate - LayoutlibCallback use after dispose
2026-03-04 22:25:07,617 [1381113]   WARN - #com.android.tools.rendering.LayoutlibCallbackExDelegate - LayoutlibCallback use after dispose
2026-03-04 22:25:07,617 [1381113]   WARN - #com.android.tools.rendering.LayoutlibCallbackExDelegate - LayoutlibCallback use after dispose
2026-03-04 22:25:07,617 [1381113]   WARN - #com.android.tools.rendering.LayoutlibCallbackExDelegate - LayoutlibCallback use after dispose
2026-03-04 22:25:07,617 [1381113]   WARN - #com.android.tools.rendering.LayoutlibCallbackExDelegate - LayoutlibCallback use after dispose
2026-03-04 22:25:07,617 [1381113]   WARN - #com.android.tools.rendering.LayoutlibCallbackExDelegate - LayoutlibCallback use after dispose
2026-03-04 22:25:07,618 [1381114]   WARN - #com.android.tools.rendering.LayoutlibCallbackExDelegate - LayoutlibCallback use after dispose
2026-03-04 22:25:07,618 [1381114]   WARN - #com.android.tools.rendering.LayoutlibCallbackExDelegate - LayoutlibCallback use after dispose
2026-03-04 22:25:07,618 [1381114]   WARN - #com.android.tools.rendering.LayoutlibCallbackExDelegate - LayoutlibCallback use after dispose
2026-03-04 22:25:07,618 [1381114]   WARN - #com.android.tools.rendering.LayoutlibCallbackExDelegate - LayoutlibCallback use after dispose
2026-03-04 22:25:07,618 [1381114]   WARN - #com.android.tools.rendering.LayoutlibCallbackExDelegate - LayoutlibCallback use after dispose
2026-03-04 22:25:07,618 [1381114]   WARN - #com.android.tools.rendering.LayoutlibCallbackExDelegate - LayoutlibCallback use after dispose
2026-03-04 22:25:07,618 [1381114]   WARN - #com.android.tools.rendering.LayoutlibCallbackExDelegate - LayoutlibCallback use after dispose
2026-03-04 22:25:07,618 [1381114]   WARN - #com.android.tools.rendering.LayoutlibCallbackExDelegate - LayoutlibCallback use after dispose
2026-03-04 22:25:07,618 [1381114]   WARN - #com.android.tools.rendering.LayoutlibCallbackExDelegate - LayoutlibCallback use after dispose
2026-03-04 22:25:07,618 [1381114]   WARN - #com.android.tools.rendering.LayoutlibCallbackExDelegate - LayoutlibCallback use after dispose
2026-03-04 22:25:07,618 [1381114]   WARN - #com.android.tools.rendering.LayoutlibCallbackExDelegate - LayoutlibCallback use after dispose
2026-03-04 22:25:07,618 [1381114]   WARN - #com.android.tools.rendering.LayoutlibCallbackExDelegate - LayoutlibCallback use after dispose
2026-03-04 22:25:07,618 [1381114]   WARN - #com.android.tools.rendering.LayoutlibCallbackExDelegate - LayoutlibCallback use after dispose
2026-03-04 22:25:07,618 [1381114]   WARN - #com.android.tools.rendering.LayoutlibCallbackExDelegate - LayoutlibCallback use after dispose
2026-03-04 22:25:07,618 [1381114]   WARN - #com.android.tools.rendering.LayoutlibCallbackExDelegate - LayoutlibCallback use after dispose
2026-03-04 22:25:07,618 [1381114]   WARN - #com.android.tools.rendering.LayoutlibCallbackExDelegate - LayoutlibCallback use after dispose
2026-03-04 22:25:07,618 [1381114]   WARN - #com.android.tools.rendering.LayoutlibCallbackExDelegate - LayoutlibCallback use after dispose
2026-03-04 22:25:07,618 [1381114]   WARN - #com.android.tools.rendering.LayoutlibCallbackExDelegate - LayoutlibCallback use after dispose
2026-03-04 22:25:07,618 [1381114]   WARN - #com.android.tools.rendering.LayoutlibCallbackExDelegate - LayoutlibCallback use after dispose
2026-03-04 22:25:07,618 [1381114]   WARN - #com.android.tools.rendering.LayoutlibCallbackExDelegate - LayoutlibCallback use after dispose
2026-03-04 22:25:07,618 [1381114]   WARN - #com.android.tools.rendering.LayoutlibCallbackExDelegate - LayoutlibCallback use after dispose
2026-03-04 22:25:07,618 [1381114]   WARN - #com.android.tools.rendering.LayoutlibCallbackExDelegate - LayoutlibCallback use after dispose
2026-03-04 22:25:07,618 [1381114]   WARN - #com.android.tools.rendering.LayoutlibCallbackExDelegate - LayoutlibCallback use after dispose
2026-03-04 22:25:07,618 [1381114]   WARN - #com.android.tools.rendering.LayoutlibCallbackExDelegate - LayoutlibCallback use after dispose
2026-03-04 22:25:07,618 [1381114]   WARN - #com.android.tools.rendering.LayoutlibCallbackExDelegate - LayoutlibCallback use after dispose
2026-03-04 22:25:07,618 [1381114]   WARN - #com.android.tools.rendering.LayoutlibCallbackExDelegate - LayoutlibCallback use after dispose
2026-03-04 22:25:07,618 [1381114]   WARN - #com.android.tools.rendering.LayoutlibCallbackExDelegate - LayoutlibCallback use after dispose
2026-03-04 22:25:07,618 [1381114]   WARN - #com.android.tools.rendering.LayoutlibCallbackExDelegate - LayoutlibCallback use after dispose
2026-03-04 22:25:07,618 [1381114]   WARN - #com.android.tools.rendering.LayoutlibCallbackExDelegate - LayoutlibCallback use after dispose
2026-03-04 22:25:07,618 [1381114]   WARN - #com.android.tools.rendering.LayoutlibCallbackExDelegate - LayoutlibCallback use after dispose
2026-03-04 22:25:07,618 [1381114]   WARN - #com.android.tools.rendering.LayoutlibCallbackExDelegate - LayoutlibCallback use after dispose
2026-03-04 22:25:07,618 [1381114]   WARN - #com.android.tools.rendering.LayoutlibCallbackExDelegate - LayoutlibCallback use after dispose
2026-03-04 22:25:07,618 [1381114]   WARN - #com.android.tools.rendering.LayoutlibCallbackExDelegate - LayoutlibCallback use after dispose
2026-03-04 22:25:07,618 [1381114]   WARN - #com.android.tools.rendering.LayoutlibCallbackExDelegate - LayoutlibCallback use after dispose
2026-03-04 22:25:07,618 [1381114]   WARN - #com.android.tools.rendering.LayoutlibCallbackExDelegate - LayoutlibCallback use after dispose
2026-03-04 22:25:07,618 [1381114]   WARN - #com.android.tools.rendering.LayoutlibCallbackExDelegate - LayoutlibCallback use after dispose
2026-03-04 22:25:07,618 [1381114]   WARN - #com.android.tools.rendering.LayoutlibCallbackExDelegate - LayoutlibCallback use after dispose
2026-03-04 22:25:07,618 [1381114]   WARN - #com.android.tools.rendering.LayoutlibCallbackExDelegate - LayoutlibCallback use after dispose
2026-03-04 22:25:07,618 [1381114]   WARN - #com.android.tools.rendering.LayoutlibCallbackExDelegate - LayoutlibCallback use after dispose
2026-03-04 22:25:07,618 [1381114]   WARN - #com.android.tools.rendering.LayoutlibCallbackExDelegate - LayoutlibCallback use after dispose
2026-03-04 22:25:07,618 [1381114]   WARN - #com.android.tools.rendering.LayoutlibCallbackExDelegate - LayoutlibCallback use after dispose
2026-03-04 22:25:07,618 [1381114]   WARN - #com.android.tools.rendering.LayoutlibCallbackExDelegate - LayoutlibCallback use after dispose
2026-03-04 22:25:07,618 [1381114]   WARN - #com.android.tools.rendering.LayoutlibCallbackExDelegate - LayoutlibCallback use after dispose
2026-03-04 22:25:07,618 [1381114]   WARN - #com.android.tools.rendering.LayoutlibCallbackExDelegate - LayoutlibCallback use after dispose
2026-03-04 22:25:07,618 [1381114]   WARN - #com.android.tools.rendering.LayoutlibCallbackExDelegate - LayoutlibCallback use after dispose
2026-03-04 22:25:07,618 [1381114]   WARN - #com.android.tools.rendering.LayoutlibCallbackExDelegate - LayoutlibCallback use after dispose
2026-03-04 22:25:07,618 [1381114]   WARN - #com.android.tools.rendering.LayoutlibCallbackExDelegate - LayoutlibCallback use after dispose
2026-03-04 22:25:07,618 [1381114]   WARN - #com.android.tools.rendering.LayoutlibCallbackExDelegate - LayoutlibCallback use after dispose
2026-03-04 22:25:07,618 [1381114]   WARN - #com.android.tools.rendering.LayoutlibCallbackExDelegate - LayoutlibCallback use after dispose
2026-03-04 22:25:07,618 [1381114]   WARN - #com.android.tools.rendering.LayoutlibCallbackExDelegate - LayoutlibCallback use after dispose
2026-03-04 22:25:07,618 [1381114]   WARN - #com.android.tools.rendering.LayoutlibCallbackExDelegate - LayoutlibCallback use after dispose
2026-03-04 22:25:07,618 [1381114]   WARN - #com.android.tools.rendering.LayoutlibCallbackExDelegate - LayoutlibCallback use after dispose
2026-03-04 22:25:07,618 [1381114]   WARN - #com.android.tools.rendering.LayoutlibCallbackExDelegate - LayoutlibCallback use after dispose
2026-03-04 22:25:07,618 [1381114]   WARN - #com.android.tools.rendering.LayoutlibCallbackExDelegate - LayoutlibCallback use after dispose
2026-03-04 22:25:07,618 [1381114]   WARN - #com.android.tools.rendering.LayoutlibCallbackExDelegate - LayoutlibCallback use after dispose
2026-03-04 22:25:07,618 [1381114]   WARN - #com.android.tools.rendering.LayoutlibCallbackExDelegate - LayoutlibCallback use after dispose
2026-03-04 22:25:07,618 [1381114]   WARN - #com.android.tools.rendering.LayoutlibCallbackExDelegate - LayoutlibCallback use after dispose
2026-03-04 22:25:07,618 [1381114]   WARN - #com.android.tools.rendering.LayoutlibCallbackExDelegate - LayoutlibCallback use after dispose
2026-03-04 22:25:07,620 [1381116]   WARN - #com.android.tools.rendering.LayoutlibCallbackExDelegate - LayoutlibCallback use after dispose
2026-03-04 22:25:07,620 [1381116]   WARN - #com.android.tools.rendering.LayoutlibCallbackExDelegate - LayoutlibCallback use after dispose
2026-03-04 22:25:07,620 [1381116]   WARN - #com.android.tools.rendering.LayoutlibCallbackExDelegate - LayoutlibCallback use after dispose
2026-03-04 22:25:07,620 [1381116]   WARN - #com.android.tools.rendering.LayoutlibCallbackExDelegate - LayoutlibCallback use after dispose
2026-03-04 22:25:07,620 [1381116]   WARN - #com.android.tools.rendering.LayoutlibCallbackExDelegate - LayoutlibCallback use after dispose
2026-03-04 22:25:07,620 [1381116]   WARN - #com.android.tools.rendering.LayoutlibCallbackExDelegate - LayoutlibCallback use after dispose
2026-03-04 22:25:08,710 [1382206]   WARN - #com.android.tools.rendering.LayoutlibCallbackExDelegate - LayoutlibCallback use after dispose
2026-03-04 22:25:08,710 [1382206]   WARN - #com.android.tools.rendering.LayoutlibCallbackExDelegate - LayoutlibCallback use after dispose
2026-03-04 22:25:08,710 [1382206]   WARN - #com.android.tools.rendering.LayoutlibCallbackExDelegate - LayoutlibCallback use after dispose
2026-03-04 22:25:08,710 [1382206]   WARN - #com.android.tools.rendering.LayoutlibCallbackExDelegate - LayoutlibCallback use after dispose
2026-03-04 22:25:08,710 [1382206]   WARN - #com.android.tools.rendering.LayoutlibCallbackExDelegate - LayoutlibCallback use after dispose
2026-03-04 22:25:08,710 [1382206]   WARN - #com.android.tools.rendering.LayoutlibCallbackExDelegate - LayoutlibCallback use after dispose
2026-03-04 22:25:08,710 [1382206]   WARN - #com.android.tools.rendering.LayoutlibCallbackExDelegate - LayoutlibCallback use after dispose
2026-03-04 22:25:08,710 [1382206]   WARN - #com.android.tools.rendering.LayoutlibCallbackExDelegate - LayoutlibCallback use after dispose
2026-03-04 22:25:08,710 [1382206]   WARN - #com.android.tools.rendering.LayoutlibCallbackExDelegate - LayoutlibCallback use after dispose
2026-03-04 22:25:08,710 [1382206]   WARN - #com.android.tools.rendering.LayoutlibCallbackExDelegate - LayoutlibCallback use after dispose
2026-03-04 22:25:08,710 [1382206]   WARN - #com.android.tools.rendering.LayoutlibCallbackExDelegate - LayoutlibCallback use after dispose
2026-03-04 22:25:08,710 [1382206]   WARN - #com.android.tools.rendering.LayoutlibCallbackExDelegate - LayoutlibCallback use after dispose
2026-03-04 22:25:08,710 [1382206]   WARN - #com.android.tools.rendering.LayoutlibCallbackExDelegate - LayoutlibCallback use after dispose
2026-03-04 22:25:08,710 [1382206]   WARN - #com.android.tools.rendering.LayoutlibCallbackExDelegate - LayoutlibCallback use after dispose
2026-03-04 22:25:08,710 [1382206]   WARN - #com.android.tools.rendering.LayoutlibCallbackExDelegate - LayoutlibCallback use after dispose
2026-03-04 22:25:08,710 [1382206]   WARN - #com.android.tools.rendering.LayoutlibCallbackExDelegate - LayoutlibCallback use after dispose
2026-03-04 22:25:08,710 [1382206]   WARN - #com.android.tools.rendering.LayoutlibCallbackExDelegate - LayoutlibCallback use after dispose
2026-03-04 22:25:08,710 [1382206]   WARN - #com.android.tools.rendering.LayoutlibCallbackExDelegate - LayoutlibCallback use after dispose
2026-03-04 22:25:08,710 [1382206]   WARN - #com.android.tools.rendering.LayoutlibCallbackExDelegate - LayoutlibCallback use after dispose
2026-03-04 22:25:08,710 [1382206]   WARN - #com.android.tools.rendering.LayoutlibCallbackExDelegate - LayoutlibCallback use after dispose
2026-03-04 22:25:08,710 [1382206]   WARN - #com.android.tools.rendering.LayoutlibCallbackExDelegate - LayoutlibCallback use after dispose
2026-03-04 22:25:08,710 [1382206]   WARN - #com.android.tools.rendering.LayoutlibCallbackExDelegate - LayoutlibCallback use after dispose
2026-03-04 22:25:08,710 [1382206]   WARN - #com.android.tools.rendering.LayoutlibCallbackExDelegate - LayoutlibCallback use after dispose
2026-03-04 22:25:08,710 [1382206]   WARN - #com.android.tools.rendering.LayoutlibCallbackExDelegate - LayoutlibCallback use after dispose
2026-03-04 22:25:08,710 [1382206]   WARN - #com.android.tools.rendering.LayoutlibCallbackExDelegate - LayoutlibCallback use after dispose
2026-03-04 22:25:08,710 [1382206]   WARN - #com.android.tools.rendering.LayoutlibCallbackExDelegate - LayoutlibCallback use after dispose
2026-03-04 22:25:08,711 [1382207]   WARN - #com.android.tools.rendering.LayoutlibCallbackExDelegate - LayoutlibCallback use after dispose
2026-03-04 22:25:08,711 [1382207]   WARN - #com.android.tools.rendering.LayoutlibCallbackExDelegate - LayoutlibCallback use after dispose
2026-03-04 22:25:08,711 [1382207]   WARN - #com.android.tools.rendering.LayoutlibCallbackExDelegate - LayoutlibCallback use after dispose
2026-03-04 22:25:08,711 [1382207]   WARN - #com.android.tools.rendering.LayoutlibCallbackExDelegate - LayoutlibCallback use after dispose
2026-03-04 22:25:08,711 [1382207]   WARN - #com.android.tools.rendering.LayoutlibCallbackExDelegate - LayoutlibCallback use after dispose
2026-03-04 22:25:08,711 [1382207]   WARN - #com.android.tools.rendering.LayoutlibCallbackExDelegate - LayoutlibCallback use after dispose
2026-03-04 22:25:08,711 [1382207]   WARN - #com.android.tools.rendering.LayoutlibCallbackExDelegate - LayoutlibCallback use after dispose
2026-03-04 22:25:08,711 [1382207]   WARN - #com.android.tools.rendering.LayoutlibCallbackExDelegate - LayoutlibCallback use after dispose
2026-03-04 22:25:08,711 [1382207]   WARN - #com.android.tools.rendering.LayoutlibCallbackExDelegate - LayoutlibCallback use after dispose
2026-03-04 22:25:08,711 [1382207]   WARN - #com.android.tools.rendering.LayoutlibCallbackExDelegate - LayoutlibCallback use after dispose
2026-03-04 22:25:08,711 [1382207]   WARN - #com.android.tools.rendering.LayoutlibCallbackExDelegate - LayoutlibCallback use after dispose
2026-03-04 22:25:08,711 [1382207]   WARN - #com.android.tools.rendering.LayoutlibCallbackExDelegate - LayoutlibCallback use after dispose
2026-03-04 22:25:08,711 [1382207]   WARN - #com.android.tools.rendering.LayoutlibCallbackExDelegate - LayoutlibCallback use after dispose
2026-03-04 22:25:08,711 [1382207]   WARN - #com.android.tools.rendering.LayoutlibCallbackExDelegate - LayoutlibCallback use after dispose
2026-03-04 22:25:08,711 [1382207]   WARN - #com.android.tools.rendering.LayoutlibCallbackExDelegate - LayoutlibCallback use after dispose
2026-03-04 22:25:08,711 [1382207]   WARN - #com.android.tools.rendering.LayoutlibCallbackExDelegate - LayoutlibCallback use after dispose
2026-03-04 22:25:08,711 [1382207]   WARN - #com.android.tools.rendering.LayoutlibCallbackExDelegate - LayoutlibCallback use after dispose
2026-03-04 22:25:08,711 [1382207]   WARN - #com.android.tools.rendering.LayoutlibCallbackExDelegate - LayoutlibCallback use after dispose
2026-03-04 22:25:08,711 [1382207]   WARN - #com.android.tools.rendering.LayoutlibCallbackExDelegate - LayoutlibCallback use after dispose
2026-03-04 22:25:08,711 [1382207]   WARN - #com.android.tools.rendering.LayoutlibCallbackExDelegate - LayoutlibCallback use after dispose
2026-03-04 22:25:08,711 [1382207]   WARN - #com.android.tools.rendering.LayoutlibCallbackExDelegate - LayoutlibCallback use after dispose
2026-03-04 22:25:08,711 [1382207]   WARN - #com.android.tools.rendering.LayoutlibCallbackExDelegate - LayoutlibCallback use after dispose
2026-03-04 22:25:08,711 [1382207]   WARN - #com.android.tools.rendering.LayoutlibCallbackExDelegate - LayoutlibCallback use after dispose
2026-03-04 22:25:08,711 [1382207]   WARN - #com.android.tools.rendering.LayoutlibCallbackExDelegate - LayoutlibCallback use after dispose
2026-03-04 22:25:08,711 [1382207]   WARN - #com.android.tools.rendering.LayoutlibCallbackExDelegate - LayoutlibCallback use after dispose
2026-03-04 22:25:08,711 [1382207]   WARN - #com.android.tools.rendering.LayoutlibCallbackExDelegate - LayoutlibCallback use after dispose
2026-03-04 22:25:08,711 [1382207]   WARN - #com.android.tools.rendering.LayoutlibCallbackExDelegate - LayoutlibCallback use after dispose
2026-03-04 22:25:08,711 [1382207]   WARN - #com.android.tools.rendering.LayoutlibCallbackExDelegate - LayoutlibCallback use after dispose
2026-03-04 22:25:08,711 [1382207]   WARN - #com.android.tools.rendering.LayoutlibCallbackExDelegate - LayoutlibCallback use after dispose
2026-03-04 22:25:08,711 [1382207]   WARN - #com.android.tools.rendering.LayoutlibCallbackExDelegate - LayoutlibCallback use after dispose
2026-03-04 22:25:08,711 [1382207]   WARN - #com.android.tools.rendering.LayoutlibCallbackExDelegate - LayoutlibCallback use after dispose
2026-03-04 22:25:08,711 [1382207]   WARN - #com.android.tools.rendering.LayoutlibCallbackExDelegate - LayoutlibCallback use after dispose
2026-03-04 22:25:08,711 [1382207]   WARN - #com.android.tools.rendering.LayoutlibCallbackExDelegate - LayoutlibCallback use after dispose
2026-03-04 22:25:08,711 [1382207]   WARN - #com.android.tools.rendering.LayoutlibCallbackExDelegate - LayoutlibCallback use after dispose
2026-03-04 22:25:08,711 [1382207]   WARN - #com.android.tools.rendering.LayoutlibCallbackExDelegate - LayoutlibCallback use after dispose
2026-03-04 22:25:08,711 [1382207]   WARN - #com.android.tools.rendering.LayoutlibCallbackExDelegate - LayoutlibCallback use after dispose
2026-03-04 22:25:08,711 [1382207]   WARN - #com.android.tools.rendering.LayoutlibCallbackExDelegate - LayoutlibCallback use after dispose
2026-03-04 22:25:08,711 [1382207]   WARN - #com.android.tools.rendering.LayoutlibCallbackExDelegate - LayoutlibCallback use after dispose
2026-03-04 22:25:08,711 [1382207]   WARN - #com.android.tools.rendering.LayoutlibCallbackExDelegate - LayoutlibCallback use after dispose
2026-03-04 22:25:08,711 [1382207]   WARN - #com.android.tools.rendering.LayoutlibCallbackExDelegate - LayoutlibCallback use after dispose
2026-03-04 22:25:08,711 [1382207]   WARN - #com.android.tools.rendering.LayoutlibCallbackExDelegate - LayoutlibCallback use after dispose
2026-03-04 22:25:08,711 [1382207]   WARN - #com.android.tools.rendering.LayoutlibCallbackExDelegate - LayoutlibCallback use after dispose
2026-03-04 22:25:08,711 [1382207]   WARN - #com.android.tools.rendering.LayoutlibCallbackExDelegate - LayoutlibCallback use after dispose
2026-03-04 22:25:08,711 [1382207]   WARN - #com.android.tools.rendering.LayoutlibCallbackExDelegate - LayoutlibCallback use after dispose
2026-03-04 22:25:08,711 [1382207]   WARN - #com.android.tools.rendering.LayoutlibCallbackExDelegate - LayoutlibCallback use after dispose
2026-03-04 22:25:08,711 [1382207]   WARN - #com.android.tools.rendering.LayoutlibCallbackExDelegate - LayoutlibCallback use after dispose
2026-03-04 22:25:08,711 [1382207]   WARN - #com.android.tools.rendering.LayoutlibCallbackExDelegate - LayoutlibCallback use after dispose
2026-03-04 22:25:08,711 [1382207]   WARN - #com.android.tools.rendering.LayoutlibCallbackExDelegate - LayoutlibCallback use after dispose
2026-03-04 22:25:08,711 [1382207]   WARN - #com.android.tools.rendering.LayoutlibCallbackExDelegate - LayoutlibCallback use after dispose
2026-03-04 22:25:08,711 [1382207]   WARN - #com.android.tools.rendering.LayoutlibCallbackExDelegate - LayoutlibCallback use after dispose
2026-03-04 22:25:08,711 [1382207]   WARN - #com.android.tools.rendering.LayoutlibCallbackExDelegate - LayoutlibCallback use after dispose
2026-03-04 22:25:08,711 [1382207]   WARN - #com.android.tools.rendering.LayoutlibCallbackExDelegate - LayoutlibCallback use after dispose
2026-03-04 22:25:08,711 [1382207]   WARN - #com.android.tools.rendering.LayoutlibCallbackExDelegate - LayoutlibCallback use after dispose
2026-03-04 22:25:08,711 [1382207]   WARN - #com.android.tools.rendering.LayoutlibCallbackExDelegate - LayoutlibCallback use after dispose
2026-03-04 22:25:08,711 [1382207]   WARN - #com.android.tools.rendering.LayoutlibCallbackExDelegate - LayoutlibCallback use after dispose
2026-03-04 22:25:08,711 [1382207]   WARN - #com.android.tools.rendering.LayoutlibCallbackExDelegate - LayoutlibCallback use after dispose
2026-03-04 22:25:08,711 [1382207]   WARN - #com.android.tools.rendering.LayoutlibCallbackExDelegate - LayoutlibCallback use after dispose
2026-03-04 22:25:08,711 [1382207]   WARN - #com.android.tools.rendering.LayoutlibCallbackExDelegate - LayoutlibCallback use after dispose
2026-03-04 22:25:08,711 [1382207]   WARN - #com.android.tools.rendering.LayoutlibCallbackExDelegate - LayoutlibCallback use after dispose
2026-03-04 22:25:08,711 [1382207]   WARN - #com.android.tools.rendering.LayoutlibCallbackExDelegate - LayoutlibCallback use after dispose
2026-03-04 22:25:08,711 [1382207]   WARN - #com.android.tools.rendering.LayoutlibCallbackExDelegate - LayoutlibCallback use after dispose
2026-03-04 22:25:08,711 [1382207]   WARN - #com.android.tools.rendering.LayoutlibCallbackExDelegate - LayoutlibCallback use after dispose
2026-03-04 22:25:08,711 [1382207]   WARN - #com.android.tools.rendering.LayoutlibCallbackExDelegate - LayoutlibCallback use after dispose
2026-03-04 22:25:08,711 [1382207]   WARN - #com.android.tools.rendering.LayoutlibCallbackExDelegate - LayoutlibCallback use after dispose
2026-03-04 22:25:08,712 [1382208]   WARN - #com.android.tools.rendering.LayoutlibCallbackExDelegate - LayoutlibCallback use after dispose
2026-03-04 22:25:08,712 [1382208]   WARN - #com.android.tools.rendering.LayoutlibCallbackExDelegate - LayoutlibCallback use after dispose
2026-03-04 22:25:08,712 [1382208]   WARN - #com.android.tools.rendering.LayoutlibCallbackExDelegate - LayoutlibCallback use after dispose
2026-03-04 22:25:08,712 [1382208]   WARN - #com.android.tools.rendering.LayoutlibCallbackExDelegate - LayoutlibCallback use after dispose
2026-03-04 22:25:08,712 [1382208]   WARN - #com.android.tools.rendering.LayoutlibCallbackExDelegate - LayoutlibCallback use after dispose
2026-03-04 22:25:08,712 [1382208]   WARN - #com.android.tools.rendering.LayoutlibCallbackExDelegate - LayoutlibCallback use after dispose
2026-03-04 22:25:08,712 [1382208]   WARN - #com.android.tools.rendering.LayoutlibCallbackExDelegate - LayoutlibCallback use after dispose
2026-03-04 22:25:08,712 [1382208]   WARN - #com.android.tools.rendering.LayoutlibCallbackExDelegate - LayoutlibCallback use after dispose
2026-03-04 22:25:08,712 [1382208]   WARN - #com.android.tools.rendering.LayoutlibCallbackExDelegate - LayoutlibCallback use after dispose
2026-03-04 22:25:08,712 [1382208]   WARN - #com.android.tools.rendering.LayoutlibCallbackExDelegate - LayoutlibCallback use after dispose
2026-03-04 22:25:08,712 [1382208]   WARN - #com.android.tools.rendering.LayoutlibCallbackExDelegate - LayoutlibCallback use after dispose
2026-03-04 22:25:08,712 [1382208]   WARN - #com.android.tools.rendering.LayoutlibCallbackExDelegate - LayoutlibCallback use after dispose
2026-03-04 22:25:08,712 [1382208]   WARN - #com.android.tools.rendering.LayoutlibCallbackExDelegate - LayoutlibCallback use after dispose
2026-03-04 22:25:08,712 [1382208]   WARN - #com.android.tools.rendering.LayoutlibCallbackExDelegate - LayoutlibCallback use after dispose
2026-03-04 22:25:08,712 [1382208]   WARN - #com.android.tools.rendering.LayoutlibCallbackExDelegate - LayoutlibCallback use after dispose
2026-03-04 22:25:08,712 [1382208]   WARN - #com.android.tools.rendering.LayoutlibCallbackExDelegate - LayoutlibCallback use after dispose
2026-03-04 22:25:08,712 [1382208]   WARN - #com.android.tools.rendering.LayoutlibCallbackExDelegate - LayoutlibCallback use after dispose
2026-03-04 22:25:08,712 [1382208]   WARN - #com.android.tools.rendering.LayoutlibCallbackExDelegate - LayoutlibCallback use after dispose
2026-03-04 22:25:08,712 [1382208]   WARN - #com.android.tools.rendering.LayoutlibCallbackExDelegate - LayoutlibCallback use after dispose
2026-03-04 22:25:08,712 [1382208]   WARN - #com.android.tools.rendering.LayoutlibCallbackExDelegate - LayoutlibCallback use after dispose
2026-03-04 22:25:08,712 [1382208]   WARN - #com.android.tools.rendering.LayoutlibCallbackExDelegate - LayoutlibCallback use after dispose
2026-03-04 22:25:08,712 [1382208]   WARN - #com.android.tools.rendering.LayoutlibCallbackExDelegate - LayoutlibCallback use after dispose
2026-03-04 22:25:08,712 [1382208]   WARN - #com.android.tools.rendering.LayoutlibCallbackExDelegate - LayoutlibCallback use after dispose
2026-03-04 22:25:08,712 [1382208]   WARN - #com.android.tools.rendering.LayoutlibCallbackExDelegate - LayoutlibCallback use after dispose
2026-03-04 22:25:08,712 [1382208]   WARN - #com.android.tools.rendering.LayoutlibCallbackExDelegate - LayoutlibCallback use after dispose
2026-03-04 22:25:08,712 [1382208]   WARN - #com.android.tools.rendering.LayoutlibCallbackExDelegate - LayoutlibCallback use after dispose
2026-03-04 22:25:08,712 [1382208]   WARN - #com.android.tools.rendering.LayoutlibCallbackExDelegate - LayoutlibCallback use after dispose
2026-03-04 22:25:08,712 [1382208]   WARN - #com.android.tools.rendering.LayoutlibCallbackExDelegate - LayoutlibCallback use after dispose
2026-03-04 22:25:08,712 [1382208]   WARN - #com.android.tools.rendering.LayoutlibCallbackExDelegate - LayoutlibCallback use after dispose
2026-03-04 22:25:08,712 [1382208]   WARN - #com.android.tools.rendering.LayoutlibCallbackExDelegate - LayoutlibCallback use after dispose
2026-03-04 22:25:08,712 [1382208]   WARN - #com.android.tools.rendering.LayoutlibCallbackExDelegate - LayoutlibCallback use after dispose
2026-03-04 22:25:08,712 [1382208]   WARN - #com.android.tools.rendering.LayoutlibCallbackExDelegate - LayoutlibCallback use after dispose
2026-03-04 22:25:08,712 [1382208]   WARN - #com.android.tools.rendering.LayoutlibCallbackExDelegate - LayoutlibCallback use after dispose
2026-03-04 22:25:08,712 [1382208]   WARN - #com.android.tools.rendering.LayoutlibCallbackExDelegate - LayoutlibCallback use after dispose
2026-03-04 22:25:08,712 [1382208]   WARN - #com.android.tools.rendering.LayoutlibCallbackExDelegate - LayoutlibCallback use after dispose
2026-03-04 22:25:08,712 [1382208]   WARN - #com.android.tools.rendering.LayoutlibCallbackExDelegate - LayoutlibCallback use after dispose
2026-03-04 22:25:08,712 [1382208]   WARN - #com.android.tools.rendering.LayoutlibCallbackExDelegate - LayoutlibCallback use after dispose
2026-03-04 22:25:08,712 [1382208]   WARN - #com.android.tools.rendering.LayoutlibCallbackExDelegate - LayoutlibCallback use after dispose
2026-03-04 22:25:08,712 [1382208]   WARN - #com.android.tools.rendering.LayoutlibCallbackExDelegate - LayoutlibCallback use after dispose
2026-03-04 22:25:08,712 [1382208]   WARN - #com.android.tools.rendering.LayoutlibCallbackExDelegate - LayoutlibCallback use after dispose
2026-03-04 22:25:08,712 [1382208]   WARN - #com.android.tools.rendering.LayoutlibCallbackExDelegate - LayoutlibCallback use after dispose
2026-03-04 22:25:08,712 [1382208]   WARN - #com.android.tools.rendering.LayoutlibCallbackExDelegate - LayoutlibCallback use after dispose
2026-03-04 22:25:08,712 [1382208]   WARN - #com.android.tools.rendering.LayoutlibCallbackExDelegate - LayoutlibCallback use after dispose
2026-03-04 22:25:08,712 [1382208]   WARN - #com.android.tools.rendering.LayoutlibCallbackExDelegate - LayoutlibCallback use after dispose
2026-03-04 22:25:08,712 [1382208]   WARN - #com.android.tools.rendering.LayoutlibCallbackExDelegate - LayoutlibCallback use after dispose
2026-03-04 22:25:08,712 [1382208]   WARN - #com.android.tools.rendering.LayoutlibCallbackExDelegate - LayoutlibCallback use after dispose
2026-03-04 22:25:08,712 [1382208]   WARN - #com.android.tools.rendering.LayoutlibCallbackExDelegate - LayoutlibCallback use after dispose
2026-03-04 22:25:08,712 [1382208]   WARN - #com.android.tools.rendering.LayoutlibCallbackExDelegate - LayoutlibCallback use after dispose
2026-03-04 22:25:08,712 [1382208]   WARN - #com.android.tools.rendering.LayoutlibCallbackExDelegate - LayoutlibCallback use after dispose
2026-03-04 22:25:08,712 [1382208]   WARN - #com.android.tools.rendering.LayoutlibCallbackExDelegate - LayoutlibCallback use after dispose
2026-03-04 22:25:08,712 [1382208]   WARN - #com.android.tools.rendering.LayoutlibCallbackExDelegate - LayoutlibCallback use after dispose
2026-03-04 22:25:08,712 [1382208]   WARN - #com.android.tools.rendering.LayoutlibCallbackExDelegate - LayoutlibCallback use after dispose
2026-03-04 22:25:08,712 [1382208]   WARN - #com.android.tools.rendering.LayoutlibCallbackExDelegate - LayoutlibCallback use after dispose
2026-03-04 22:25:08,712 [1382208]   WARN - #com.android.tools.rendering.LayoutlibCallbackExDelegate - LayoutlibCallback use after dispose
2026-03-04 22:25:08,713 [1382209]   WARN - #com.android.tools.rendering.LayoutlibCallbackExDelegate - LayoutlibCallback use after dispose
2026-03-04 22:25:08,713 [1382209]   WARN - #com.android.tools.rendering.LayoutlibCallbackExDelegate - LayoutlibCallback use after dispose
2026-03-04 22:25:08,713 [1382209]   WARN - #com.android.tools.rendering.LayoutlibCallbackExDelegate - LayoutlibCallback use after dispose
2026-03-04 22:25:08,713 [1382209]   WARN - #com.android.tools.rendering.LayoutlibCallbackExDelegate - LayoutlibCallback use after dispose
2026-03-04 22:25:08,713 [1382209]   WARN - #com.android.tools.rendering.LayoutlibCallbackExDelegate - LayoutlibCallback use after dispose
2026-03-04 22:25:08,713 [1382209]   WARN - #com.android.tools.rendering.LayoutlibCallbackExDelegate - LayoutlibCallback use after dispose
2026-03-04 22:25:08,713 [1382209]   WARN - #com.android.tools.rendering.LayoutlibCallbackExDelegate - LayoutlibCallback use after dispose
2026-03-04 22:25:08,713 [1382209]   WARN - #com.android.tools.rendering.LayoutlibCallbackExDelegate - LayoutlibCallback use after dispose
2026-03-04 22:25:08,713 [1382209]   WARN - #com.android.tools.rendering.LayoutlibCallbackExDelegate - LayoutlibCallback use after dispose
2026-03-04 22:25:08,713 [1382209]   WARN - #com.android.tools.rendering.LayoutlibCallbackExDelegate - LayoutlibCallback use after dispose
2026-03-04 22:25:08,713 [1382209]   WARN - #com.android.tools.rendering.LayoutlibCallbackExDelegate - LayoutlibCallback use after dispose
2026-03-04 22:25:08,713 [1382209]   WARN - #com.android.tools.rendering.LayoutlibCallbackExDelegate - LayoutlibCallback use after dispose
2026-03-04 22:25:08,713 [1382209]   WARN - #com.android.tools.rendering.LayoutlibCallbackExDelegate - LayoutlibCallback use after dispose
2026-03-04 22:25:08,713 [1382209]   WARN - #com.android.tools.rendering.LayoutlibCallbackExDelegate - LayoutlibCallback use after dispose
2026-03-04 22:25:08,713 [1382209]   WARN - #com.android.tools.rendering.LayoutlibCallbackExDelegate - LayoutlibCallback use after dispose
2026-03-04 22:25:08,713 [1382209]   WARN - #com.android.tools.rendering.LayoutlibCallbackExDelegate - LayoutlibCallback use after dispose
2026-03-04 22:25:08,713 [1382209]   WARN - #com.android.tools.rendering.LayoutlibCallbackExDelegate - LayoutlibCallback use after dispose
2026-03-04 22:25:08,713 [1382209]   WARN - #com.android.tools.rendering.LayoutlibCallbackExDelegate - LayoutlibCallback use after dispose
2026-03-04 22:25:08,713 [1382209]   WARN - #com.android.tools.rendering.LayoutlibCallbackExDelegate - LayoutlibCallback use after dispose
2026-03-04 22:25:08,713 [1382209]   WARN - #com.android.tools.rendering.LayoutlibCallbackExDelegate - LayoutlibCallback use after dispose
2026-03-04 22:25:08,713 [1382209]   WARN - #com.android.tools.rendering.LayoutlibCallbackExDelegate - LayoutlibCallback use after dispose
2026-03-04 22:25:08,713 [1382209]   WARN - #com.android.tools.rendering.LayoutlibCallbackExDelegate - LayoutlibCallback use after dispose
2026-03-04 22:25:08,713 [1382209]   WARN - #com.android.tools.rendering.LayoutlibCallbackExDelegate - LayoutlibCallback use after dispose
2026-03-04 22:25:08,713 [1382209]   WARN - #com.android.tools.rendering.LayoutlibCallbackExDelegate - LayoutlibCallback use after dispose
2026-03-04 22:25:08,713 [1382209]   WARN - #com.android.tools.rendering.LayoutlibCallbackExDelegate - LayoutlibCallback use after dispose
2026-03-04 22:25:08,713 [1382209]   WARN - #com.android.tools.rendering.LayoutlibCallbackExDelegate - LayoutlibCallback use after dispose
2026-03-04 22:25:08,713 [1382209]   WARN - #com.android.tools.rendering.LayoutlibCallbackExDelegate - LayoutlibCallback use after dispose
2026-03-04 22:25:08,713 [1382209]   WARN - #com.android.tools.rendering.LayoutlibCallbackExDelegate - LayoutlibCallback use after dispose
2026-03-04 22:25:08,713 [1382209]   WARN - #com.android.tools.rendering.LayoutlibCallbackExDelegate - LayoutlibCallback use after dispose
2026-03-04 22:25:08,713 [1382209]   WARN - #com.android.tools.rendering.LayoutlibCallbackExDelegate - LayoutlibCallback use after dispose
2026-03-04 22:25:08,713 [1382209]   WARN - #com.android.tools.rendering.LayoutlibCallbackExDelegate - LayoutlibCallback use after dispose
2026-03-04 22:25:08,713 [1382209]   WARN - #com.android.tools.rendering.LayoutlibCallbackExDelegate - LayoutlibCallback use after dispose
2026-03-04 22:25:08,713 [1382209]   WARN - #com.android.tools.rendering.LayoutlibCallbackExDelegate - LayoutlibCallback use after dispose
2026-03-04 22:25:08,713 [1382209]   WARN - #com.android.tools.rendering.LayoutlibCallbackExDelegate - LayoutlibCallback use after dispose
2026-03-04 22:25:08,713 [1382209]   WARN - #com.android.tools.rendering.LayoutlibCallbackExDelegate - LayoutlibCallback use after dispose
2026-03-04 22:25:08,713 [1382209]   WARN - #com.android.tools.rendering.LayoutlibCallbackExDelegate - LayoutlibCallback use after dispose
2026-03-04 22:25:08,713 [1382209]   WARN - #com.android.tools.rendering.LayoutlibCallbackExDelegate - LayoutlibCallback use after dispose
2026-03-04 22:25:08,713 [1382209]   WARN - #com.android.tools.rendering.LayoutlibCallbackExDelegate - LayoutlibCallback use after dispose
2026-03-04 22:25:08,713 [1382209]   WARN - #com.android.tools.rendering.LayoutlibCallbackExDelegate - LayoutlibCallback use after dispose
2026-03-04 22:25:08,713 [1382209]   WARN - #com.android.tools.rendering.LayoutlibCallbackExDelegate - LayoutlibCallback use after dispose
2026-03-04 22:25:08,713 [1382209]   WARN - #com.android.tools.rendering.LayoutlibCallbackExDelegate - LayoutlibCallback use after dispose
2026-03-04 22:25:08,713 [1382209]   WARN - #com.android.tools.rendering.LayoutlibCallbackExDelegate - LayoutlibCallback use after dispose
2026-03-04 22:25:08,714 [1382210]   WARN - #com.android.tools.rendering.LayoutlibCallbackExDelegate - LayoutlibCallback use after dispose
2026-03-04 22:25:08,714 [1382210]   WARN - #com.android.tools.rendering.LayoutlibCallbackExDelegate - LayoutlibCallback use after dispose
2026-03-04 22:25:08,714 [1382210]   WARN - #com.android.tools.rendering.LayoutlibCallbackExDelegate - LayoutlibCallback use after dispose
2026-03-04 22:25:18,106 [1391602]   WARN - #c.i.o.v.i.LineStatusTrackerManager - Tracker is being held on dispose by EditorImpl[file:///home/sanya/projects/androidTaskManager/app/src/main/res/layout/activity_login.xml]; file: /home/sanya/projects/androidTaskManager/app/src/main/res/layout/activity_login.xml
2026-03-04 22:25:18,106 [1391602]   WARN - #c.i.o.v.i.LineStatusTrackerManager - Tracker is being held on dispose by EditorImpl[LightVirtualFile: /Dummy.txt]; file: /Dummy.txt
2026-03-04 22:25:18,106 [1391602]   WARN - #c.i.o.v.i.LineStatusTrackerManager - Tracker is being held on dispose by EditorImpl[file:///home/sanya/projects/androidTaskManager/app/src/main/java/com/example/androidtaskmanager/ui/activities/admin/MainActivity.kt]; file: /home/sanya/projects/androidTaskManager/app/src/main/java/com/example/androidtaskmanager/ui/activities/admin/MainActivity.kt
2026-03-04 22:25:18,135 [1391631]   WARN - #com.android.tools.rendering.LayoutlibCallbackExDelegate - LayoutlibCallback use after dispose
